Date,Partner ID,Advertiser ID,Campaign ID,Ad Group ID,Ad Format,Creative ID,Frequency,Advertiser,Campaign,Ad Group,Ad Group Budget In Impressions,Ad Group Daily Cap In Impressions,Ad Group Daily Target In Impressions,Ad Group Base Bid CPM (Adv Currency),Ad Group Budget (Adv Currency),Ad Group Daily Cap (Adv Currency),Ad Group Daily Target (Adv Currency),Advertiser Currency Code,Partner Currency Code,Creative,Deal ID,Ad Server Name,Ad Server Creative Placement ID,Bids,Impressions,Clicks,Advertiser Cost (Adv Currency),Advertiser Cost (USD)
2/1/2023,ehrx71i,3hp0k3f,4zb5pk7,85bemw0,160x600,oglf7648,0,Freya Luxe,Freya - Always-On FY23 - Display,F1000 C-Suite/Partners/Directors/VPs - Prospecting,,,,2,1350,,154.838712,USD,USD,Freya - 160x600,,Other,,288,119,3,0.4386,0.4386
2/1/2023,ehrx71i,3hp0k3f,4zb5pk7,85bemw0,300x250,zxaeajig,0,Freya Luxe,Freya - Always-On FY23 - Display,F1000 C-Suite/Partners/Directors/VPs - Prospecting,,,,2,1350,,154.838712,USD,USD,Freya - 300x250,,Other,,1544,571,8,2.1075,2.1075
2/1/2023,ehrx71i,3hp0k3f,4zb5pk7,85bemw0,320x50,e59go2j7,0,Freya Luxe,Freya - Always-On FY23 - Display,F1000 C-Suite/Partners/Directors/VPs - Prospecting,,,,2,1350,,154.838712,USD,USD,Freya - 320x50,,Other,,4858,3624,26,12.8675,12.8675
2/1/2023,ehrx71i,3hp0k3f,4zb5pk7,85bemw0,728x90,5wnuz6jj,0,Freya Luxe,Freya - Always-On FY23 - Display,F1000 C-Suite/Partners/Directors/VPs - Prospecting,,,,2,1350,,154.838712,USD,USD,Freya - 728x90,,Other,,1511,1082,7,3.8658,3.8658
2/1/2023,ehrx71i,3hp0k3f,4zb5pk7,m93k64r,160x600,oglf7648,0,Freya Luxe,Freya - Always-On FY23 - Display,Top 1% HHI & Moving Interest - Prospecting,,,,2,1350,,154.838712,USD,USD,Freya - 160x600,,Other,,1114,483,10,1.6815,1.6815
2/1/2023,ehrx71i,3hp0k3f,4zb5pk7,m93k64r,300x250,zxaeajig,0,Freya Luxe,Freya - Always-On FY23 - Display,Top 1% HHI & Moving Interest - Prospecting,,,,2,1350,,154.838712,USD,USD,Freya - 300x250,,Other,,4622,1756,16,6.1212,6.1212
2/1/2023,ehrx71i,3hp0k3f,4zb5pk7,m93k64r,320x50,e59go2j7,0,Freya Luxe,Freya - Always-On FY23 - Display,Top 1% HHI & Moving Interest - Prospecting,,,,2,1350,,154.838712,USD,USD,Freya - 320x50,,Other,,3138,2080,11,6.9661,6.9661
2/1/2023,ehrx71i,3hp0k3f,4zb5pk7,m93k64r,728x90,5wnuz6jj,0,Freya Luxe,Freya - Always-On FY23 - Display,Top 1% HHI & Moving Interest - Prospecting,,,,2,1350,,154.838712,USD,USD,Freya - 728x90,,Other,,2405,1329,15,4.5075,4.5075
2/1/2023,ehrx71i,3hp0k3f,4zb5pk7,oi9w4s5,160x600,ykdvjyx0,0,Freya Luxe,Freya - Always-On FY23 - Display,Website Visitors - Retargeting,,,,2,300,,77.419344,USD,USD,Freya - 160x600 - RT,,Other,,127,10,2,0.0279,0.0279
2/1/2023,ehrx71i,3hp0k3f,4zb5pk7,oi9w4s5,300x250,gfblg3ks,0,Freya Luxe,Freya - Always-On FY23 - Display,Website Visitors - Retargeting,,,,2,300,,77.419344,USD,USD,Freya - 300x250 - RT,,Other,,672,46,6,0.131,0.131
2/1/2023,ehrx71i,3hp0k3f,4zb5pk7,oi9w4s5,320x50,psjbo2k4,0,Freya Luxe,Freya - Always-On FY23 - Display,Website Visitors - Retargeting,,,,2,300,,77.419344,USD,USD,Freya - 320x50 - RT,,Other,,1084,165,12,0.4454,0.4454
2/1/2023,ehrx71i,3hp0k3f,4zb5pk7,oi9w4s5,728x90,y823ln54,0,Freya Luxe,Freya - Always-On FY23 - Display,Website Visitors - Retargeting,,,,2,300,,77.419344,USD,USD,Freya - 728x90 - RT,,Other,,1071,43,8,0.1217,0.1217
2/2/2023,ehrx71i,3hp0k3f,4zb5pk7,85bemw0,160x600,oglf7648,0,Freya Luxe,Freya - Always-On FY23 - Display,F1000 C-Suite/Partners/Directors/VPs - Prospecting,,,,2,1350,,154.838712,USD,USD,Freya - 160x600,,Other,,42,21,0,0.0727,0.0727
2/2/2023,ehrx71i,3hp0k3f,4zb5pk7,85bemw0,300x250,zxaeajig,0,Freya Luxe,Freya - Always-On FY23 - Display,F1000 C-Suite/Partners/Directors/VPs - Prospecting,,,,2,1350,,154.838712,USD,USD,Freya - 300x250,,Other,,309,113,1,0.3962,0.3962
2/2/2023,ehrx71i,3hp0k3f,4zb5pk7,85bemw0,320x50,e59go2j7,0,Freya Luxe,Freya - Always-On FY23 - Display,F1000 C-Suite/Partners/Directors/VPs - Prospecting,,,,2,1350,,154.838712,USD,USD,Freya - 320x50,,Other,,12514,5434,15,11.8333,11.8333
2/2/2023,ehrx71i,3hp0k3f,4zb5pk7,85bemw0,728x90,5wnuz6jj,0,Freya Luxe,Freya - Always-On FY23 - Display,F1000 C-Suite/Partners/Directors/VPs - Prospecting,,,,2,1350,,154.838712,USD,USD,Freya - 728x90,,Other,,14214,3946,13,7.9426,7.9426
2/2/2023,ehrx71i,3hp0k3f,4zb5pk7,m93k64r,160x600,oglf7648,0,Freya Luxe,Freya - Always-On FY23 - Display,Top 1% HHI & Moving Interest - Prospecting,,,,2,1350,,154.838712,USD,USD,Freya - 160x600,,Other,,74878,553,8,1.454,1.454
2/2/2023,ehrx71i,3hp0k3f,4zb5pk7,m93k64r,300x250,zxaeajig,0,Freya Luxe,Freya - Always-On FY23 - Display,Top 1% HHI & Moving Interest - Prospecting,,,,2,1350,,154.838712,USD,USD,Freya - 300x250,,Other,,208526,2880,6,6.411,6.411
2/2/2023,ehrx71i,3hp0k3f,4zb5pk7,m93k64r,320x50,e59go2j7,0,Freya Luxe,Freya - Always-On FY23 - Display,Top 1% HHI & Moving Interest - Prospecting,,,,2,1350,,154.838712,USD,USD,Freya - 320x50,,Other,,77062,2549,2,7.621,7.621
2/2/2023,ehrx71i,3hp0k3f,4zb5pk7,m93k64r,728x90,5wnuz6jj,0,Freya Luxe,Freya - Always-On FY23 - Display,Top 1% HHI & Moving Interest - Prospecting,,,,2,1350,,154.838712,USD,USD,Freya - 728x90,,Other,,166548,1804,8,4.6655,4.6655
2/2/2023,ehrx71i,3hp0k3f,4zb5pk7,oi9w4s5,160x600,ykdvjyx0,0,Freya Luxe,Freya - Always-On FY23 - Display,Website Visitors - Retargeting,,,,2,300,,77.419344,USD,USD,Freya - 160x600 - RT,,Other,,224,23,1,0.0952,0.0952
2/2/2023,ehrx71i,3hp0k3f,4zb5pk7,oi9w4s5,300x250,gfblg3ks,0,Freya Luxe,Freya - Always-On FY23 - Display,Website Visitors - Retargeting,,,,2,300,,77.419344,USD,USD,Freya - 300x250 - RT,,Other,,1105,163,5,0.7881,0.7881
2/2/2023,ehrx71i,3hp0k3f,4zb5pk7,oi9w4s5,320x50,psjbo2k4,0,Freya Luxe,Freya - Always-On FY23 - Display,Website Visitors - Retargeting,,,,2,300,,77.419344,USD,USD,Freya - 320x50 - RT,,Other,,1321,191,2,0.8176,0.8176
2/2/2023,ehrx71i,3hp0k3f,4zb5pk7,oi9w4s5,728x90,y823ln54,0,Freya Luxe,Freya - Always-On FY23 - Display,Website Visitors - Retargeting,,,,2,300,,77.419344,USD,USD,Freya - 728x90 - RT,,Other,,853,117,2,0.5509,0.5509
2/3/2023,ehrx71i,3hp0k3f,4zb5pk7,85bemw0,160x600,oglf7648,0,Freya Luxe,Freya - Always-On FY23 - Display,F1000 C-Suite/Partners/Directors/VPs - Prospecting,,,,2,1350,,154.838712,USD,USD,Freya - 160x600,,Other,,14,7,0,0.0202,0.0202
2/3/2023,ehrx71i,3hp0k3f,4zb5pk7,85bemw0,300x250,zxaeajig,0,Freya Luxe,Freya - Always-On FY23 - Display,F1000 C-Suite/Partners/Directors/VPs - Prospecting,,,,2,1350,,154.838712,USD,USD,Freya - 300x250,,Other,,107,38,2,0.1217,0.1217
2/3/2023,ehrx71i,3hp0k3f,4zb5pk7,85bemw0,320x50,e59go2j7,0,Freya Luxe,Freya - Always-On FY23 - Display,F1000 C-Suite/Partners/Directors/VPs - Prospecting,,,,2,1350,,154.838712,USD,USD,Freya - 320x50,,Other,,16403,6184,15,11.0763,11.0763
2/3/2023,ehrx71i,3hp0k3f,4zb5pk7,85bemw0,728x90,5wnuz6jj,0,Freya Luxe,Freya - Always-On FY23 - Display,F1000 C-Suite/Partners/Directors/VPs - Prospecting,,,,2,1350,,154.838712,USD,USD,Freya - 728x90,,Other,,20199,5181,22,9.5136,9.5136
2/3/2023,ehrx71i,3hp0k3f,4zb5pk7,m93k64r,160x600,oglf7648,0,Freya Luxe,Freya - Always-On FY23 - Display,Top 1% HHI & Moving Interest - Prospecting,,,,2,1350,,154.838712,USD,USD,Freya - 160x600,,Other,,10790,403,1,1.2242,1.2242
2/3/2023,ehrx71i,3hp0k3f,4zb5pk7,m93k64r,300x250,zxaeajig,0,Freya Luxe,Freya - Always-On FY23 - Display,Top 1% HHI & Moving Interest - Prospecting,,,,2,1350,,154.838712,USD,USD,Freya - 300x250,,Other,,63436,2128,3,4.8316,4.8316
2/3/2023,ehrx71i,3hp0k3f,4zb5pk7,m93k64r,320x50,e59go2j7,0,Freya Luxe,Freya - Always-On FY23 - Display,Top 1% HHI & Moving Interest - Prospecting,,,,2,1350,,154.838712,USD,USD,Freya - 320x50,,Other,,54353,2432,4,6.9058,6.9058
2/3/2023,ehrx71i,3hp0k3f,4zb5pk7,m93k64r,728x90,5wnuz6jj,0,Freya Luxe,Freya - Always-On FY23 - Display,Top 1% HHI & Moving Interest - Prospecting,,,,2,1350,,154.838712,USD,USD,Freya - 728x90,,Other,,28778,1596,2,4.3366,4.3366
2/3/2023,ehrx71i,3hp0k3f,4zb5pk7,oi9w4s5,160x600,ykdvjyx0,0,Freya Luxe,Freya - Always-On FY23 - Display,Website Visitors - Retargeting,,,,2,300,,77.419344,USD,USD,Freya - 160x600 - RT,,Other,,273,46,3,0.2342,0.2342
2/3/2023,ehrx71i,3hp0k3f,4zb5pk7,oi9w4s5,300x250,gfblg3ks,0,Freya Luxe,Freya - Always-On FY23 - Display,Website Visitors - Retargeting,,,,2,300,,77.419344,USD,USD,Freya - 300x250 - RT,,Other,,1294,261,2,1.3551,1.3551
2/3/2023,ehrx71i,3hp0k3f,4zb5pk7,oi9w4s5,320x50,psjbo2k4,0,Freya Luxe,Freya - Always-On FY23 - Display,Website Visitors - Retargeting,,,,2,300,,77.419344,USD,USD,Freya - 320x50 - RT,,Other,,991,323,10,1.6057,1.6057
2/3/2023,ehrx71i,3hp0k3f,4zb5pk7,oi9w4s5,728x90,y823ln54,0,Freya Luxe,Freya - Always-On FY23 - Display,Website Visitors - Retargeting,,,,2,300,,77.419344,USD,USD,Freya - 728x90 - RT,,Other,,604,215,2,1.1157,1.1157
2/4/2023,ehrx71i,3hp0k3f,4zb5pk7,85bemw0,160x600,oglf7648,0,Freya Luxe,Freya - Always-On FY23 - Display,F1000 C-Suite/Partners/Directors/VPs - Prospecting,,,,2,1350,,154.838712,USD,USD,Freya - 160x600,,Other,,24,6,0,0.0167,0.0167
2/4/2023,ehrx71i,3hp0k3f,4zb5pk7,85bemw0,300x250,zxaeajig,0,Freya Luxe,Freya - Always-On FY23 - Display,F1000 C-Suite/Partners/Directors/VPs - Prospecting,,,,2,1350,,154.838712,USD,USD,Freya - 300x250,,Other,,269,37,1,0.1058,0.1058
2/4/2023,ehrx71i,3hp0k3f,4zb5pk7,85bemw0,320x50,e59go2j7,0,Freya Luxe,Freya - Always-On FY23 - Display,F1000 C-Suite/Partners/Directors/VPs - Prospecting,,,,2,1350,,154.838712,USD,USD,Freya - 320x50,,Other,,12631,5676,19,12.1951,12.1951
2/4/2023,ehrx71i,3hp0k3f,4zb5pk7,85bemw0,728x90,5wnuz6jj,0,Freya Luxe,Freya - Always-On FY23 - Display,F1000 C-Suite/Partners/Directors/VPs - Prospecting,,,,2,1350,,154.838712,USD,USD,Freya - 728x90,,Other,,10964,4290,12,9.1588,9.1588
2/4/2023,ehrx71i,3hp0k3f,4zb5pk7,m93k64r,160x600,oglf7648,0,Freya Luxe,Freya - Always-On FY23 - Display,Top 1% HHI & Moving Interest - Prospecting,,,,2,1350,,154.838712,USD,USD,Freya - 160x600,,Other,,2509,181,2,0.5588,0.5588
2/4/2023,ehrx71i,3hp0k3f,4zb5pk7,m93k64r,300x250,zxaeajig,0,Freya Luxe,Freya - Always-On FY23 - Display,Top 1% HHI & Moving Interest - Prospecting,,,,2,1350,,154.838712,USD,USD,Freya - 300x250,,Other,,10805,598,0,1.7884,1.7884
2/4/2023,ehrx71i,3hp0k3f,4zb5pk7,m93k64r,320x50,e59go2j7,0,Freya Luxe,Freya - Always-On FY23 - Display,Top 1% HHI & Moving Interest - Prospecting,,,,2,1350,,154.838712,USD,USD,Freya - 320x50,,Other,,11739,2937,3,8.5853,8.5853
2/4/2023,ehrx71i,3hp0k3f,4zb5pk7,m93k64r,728x90,5wnuz6jj,0,Freya Luxe,Freya - Always-On FY23 - Display,Top 1% HHI & Moving Interest - Prospecting,,,,2,1350,,154.838712,USD,USD,Freya - 728x90,,Other,,12167,2045,8,5.3615,5.3615
2/4/2023,ehrx71i,3hp0k3f,4zb5pk7,oi9w4s5,160x600,ykdvjyx0,0,Freya Luxe,Freya - Always-On FY23 - Display,Website Visitors - Retargeting,,,,2,300,,77.419344,USD,USD,Freya - 160x600 - RT,,Other,,402,52,2,0.1923,0.1923
2/4/2023,ehrx71i,3hp0k3f,4zb5pk7,oi9w4s5,300x250,gfblg3ks,0,Freya Luxe,Freya - Always-On FY23 - Display,Website Visitors - Retargeting,,,,2,300,,77.419344,USD,USD,Freya - 300x250 - RT,,Other,,1459,232,4,0.9442,0.9442
2/4/2023,ehrx71i,3hp0k3f,4zb5pk7,oi9w4s5,320x50,psjbo2k4,0,Freya Luxe,Freya - Always-On FY23 - Display,Website Visitors - Retargeting,,,,2,300,,77.419344,USD,USD,Freya - 320x50 - RT,,Other,,1180,397,1,1.775,1.775
2/4/2023,ehrx71i,3hp0k3f,4zb5pk7,oi9w4s5,728x90,y823ln54,0,Freya Luxe,Freya - Always-On FY23 - Display,Website Visitors - Retargeting,,,,2,300,,77.419344,USD,USD,Freya - 728x90 - RT,,Other,,1069,305,6,1.3584,1.3584
2/5/2023,ehrx71i,3hp0k3f,4zb5pk7,85bemw0,160x600,oglf7648,0,Freya Luxe,Freya - Always-On FY23 - Display,F1000 C-Suite/Partners/Directors/VPs - Prospecting,,,,2,1350,,154.838712,USD,USD,Freya - 160x600,,Other,,993,134,0,0.2389,0.2389
2/5/2023,ehrx71i,3hp0k3f,4zb5pk7,85bemw0,300x250,zxaeajig,0,Freya Luxe,Freya - Always-On FY23 - Display,F1000 C-Suite/Partners/Directors/VPs - Prospecting,,,,2,1350,,154.838712,USD,USD,Freya - 300x250,,Other,,15170,604,1,1.0508,1.0508
2/5/2023,ehrx71i,3hp0k3f,4zb5pk7,85bemw0,320x50,e59go2j7,0,Freya Luxe,Freya - Always-On FY23 - Display,F1000 C-Suite/Partners/Directors/VPs - Prospecting,,,,2,1350,,154.838712,USD,USD,Freya - 320x50,,Other,,63559,9233,20,17.3895,17.3895
2/5/2023,ehrx71i,3hp0k3f,4zb5pk7,85bemw0,728x90,5wnuz6jj,0,Freya Luxe,Freya - Always-On FY23 - Display,F1000 C-Suite/Partners/Directors/VPs - Prospecting,,,,2,1350,,154.838712,USD,USD,Freya - 728x90,,Other,,11227,2956,5,6.3245,6.3245
2/5/2023,ehrx71i,3hp0k3f,4zb5pk7,m93k64r,160x600,oglf7648,0,Freya Luxe,Freya - Always-On FY23 - Display,Top 1% HHI & Moving Interest - Prospecting,,,,2,1350,,154.838712,USD,USD,Freya - 160x600,,Other,,2066,173,2,0.5417,0.5417
2/5/2023,ehrx71i,3hp0k3f,4zb5pk7,m93k64r,300x250,zxaeajig,0,Freya Luxe,Freya - Always-On FY23 - Display,Top 1% HHI & Moving Interest - Prospecting,,,,2,1350,,154.838712,USD,USD,Freya - 300x250,,Other,,8164,688,1,2.1512,2.1512
2/5/2023,ehrx71i,3hp0k3f,4zb5pk7,m93k64r,320x50,e59go2j7,0,Freya Luxe,Freya - Always-On FY23 - Display,Top 1% HHI & Moving Interest - Prospecting,,,,2,1350,,154.838712,USD,USD,Freya - 320x50,,Other,,7346,1986,6,5.4351,5.4351
2/5/2023,ehrx71i,3hp0k3f,4zb5pk7,m93k64r,728x90,5wnuz6jj,0,Freya Luxe,Freya - Always-On FY23 - Display,Top 1% HHI & Moving Interest - Prospecting,,,,2,1350,,154.838712,USD,USD,Freya - 728x90,,Other,,18689,2037,10,4.7823,4.7823
2/5/2023,ehrx71i,3hp0k3f,4zb5pk7,oi9w4s5,160x600,ykdvjyx0,0,Freya Luxe,Freya - Always-On FY23 - Display,Website Visitors - Retargeting,,,,2,300,,77.419344,USD,USD,Freya - 160x600 - RT,,Other,,481,60,0,0.2168,0.2168
2/5/2023,ehrx71i,3hp0k3f,4zb5pk7,oi9w4s5,300x250,gfblg3ks,0,Freya Luxe,Freya - Always-On FY23 - Display,Website Visitors - Retargeting,,,,2,300,,77.419344,USD,USD,Freya - 300x250 - RT,,Other,,2325,293,4,1.0123,1.0123
2/5/2023,ehrx71i,3hp0k3f,4zb5pk7,oi9w4s5,320x50,psjbo2k4,0,Freya Luxe,Freya - Always-On FY23 - Display,Website Visitors - Retargeting,,,,2,300,,77.419344,USD,USD,Freya - 320x50 - RT,,Other,,1489,397,1,1.3349,1.3349
2/5/2023,ehrx71i,3hp0k3f,4zb5pk7,oi9w4s5,728x90,y823ln54,0,Freya Luxe,Freya - Always-On FY23 - Display,Website Visitors - Retargeting,,,,2,300,,77.419344,USD,USD,Freya - 728x90 - RT,,Other,,1393,358,2,1.2259,1.2259
2/6/2023,ehrx71i,3hp0k3f,4zb5pk7,85bemw0,160x600,oglf7648,0,Freya Luxe,Freya - Always-On FY23 - Display,F1000 C-Suite/Partners/Directors/VPs - Prospecting,,,,2,1350,,154.838712,USD,USD,Freya - 160x600,,Other,,751,217,0,0.2245,0.2245
2/6/2023,ehrx71i,3hp0k3f,4zb5pk7,85bemw0,300x250,zxaeajig,0,Freya Luxe,Freya - Always-On FY23 - Display,F1000 C-Suite/Partners/Directors/VPs - Prospecting,,,,2,1350,,154.838712,USD,USD,Freya - 300x250,,Other,,7675,757,0,1.1052,1.1052
2/6/2023,ehrx71i,3hp0k3f,4zb5pk7,85bemw0,320x50,e59go2j7,0,Freya Luxe,Freya - Always-On FY23 - Display,F1000 C-Suite/Partners/Directors/VPs - Prospecting,,,,2,1350,,154.838712,USD,USD,Freya - 320x50,,Other,,40225,8770,11,13.6952,13.6952
2/6/2023,ehrx71i,3hp0k3f,4zb5pk7,85bemw0,728x90,5wnuz6jj,0,Freya Luxe,Freya - Always-On FY23 - Display,F1000 C-Suite/Partners/Directors/VPs - Prospecting,,,,2,1350,,154.838712,USD,USD,Freya - 728x90,,Other,,8514,2947,3,5.4924,5.4924
2/6/2023,ehrx71i,3hp0k3f,4zb5pk7,m93k64r,160x600,oglf7648,0,Freya Luxe,Freya - Always-On FY23 - Display,Top 1% HHI & Moving Interest - Prospecting,,,,2,1350,,154.838712,USD,USD,Freya - 160x600,,Other,,3797,398,1,1.1829,1.1829
2/6/2023,ehrx71i,3hp0k3f,4zb5pk7,m93k64r,300x250,zxaeajig,0,Freya Luxe,Freya - Always-On FY23 - Display,Top 1% HHI & Moving Interest - Prospecting,,,,2,1350,,154.838712,USD,USD,Freya - 300x250,,Other,,14289,1536,3,4.5922,4.5922
2/6/2023,ehrx71i,3hp0k3f,4zb5pk7,m93k64r,320x50,e59go2j7,0,Freya Luxe,Freya - Always-On FY23 - Display,Top 1% HHI & Moving Interest - Prospecting,,,,2,1350,,154.838712,USD,USD,Freya - 320x50,,Other,,10291,2554,2,6.3386,6.3386
2/6/2023,ehrx71i,3hp0k3f,4zb5pk7,m93k64r,728x90,5wnuz6jj,0,Freya Luxe,Freya - Always-On FY23 - Display,Top 1% HHI & Moving Interest - Prospecting,,,,2,1350,,154.838712,USD,USD,Freya - 728x90,,Other,,24167,2478,7,6.1643,6.1643
2/6/2023,ehrx71i,3hp0k3f,4zb5pk7,oi9w4s5,160x600,ykdvjyx0,0,Freya Luxe,Freya - Always-On FY23 - Display,Website Visitors - Retargeting,,,,2,300,,77.419344,USD,USD,Freya - 160x600 - RT,,Other,,416,55,1,0.1594,0.1594
2/6/2023,ehrx71i,3hp0k3f,4zb5pk7,oi9w4s5,300x250,gfblg3ks,0,Freya Luxe,Freya - Always-On FY23 - Display,Website Visitors - Retargeting,,,,2,300,,77.419344,USD,USD,Freya - 300x250 - RT,,Other,,2282,249,4,0.7786,0.7786
2/6/2023,ehrx71i,3hp0k3f,4zb5pk7,oi9w4s5,320x50,psjbo2k4,0,Freya Luxe,Freya - Always-On FY23 - Display,Website Visitors - Retargeting,,,,2,300,,77.419344,USD,USD,Freya - 320x50 - RT,,Other,,1930,533,7,1.5838,1.5838
2/6/2023,ehrx71i,3hp0k3f,4zb5pk7,oi9w4s5,728x90,y823ln54,0,Freya Luxe,Freya - Always-On FY23 - Display,Website Visitors - Retargeting,,,,2,300,,77.419344,USD,USD,Freya - 728x90 - RT,,Other,,1696,516,3,1.7697,1.7697
2/7/2023,ehrx71i,3hp0k3f,4zb5pk7,85bemw0,160x600,oglf7648,0,Freya Luxe,Freya - Always-On FY23 - Display,F1000 C-Suite/Partners/Directors/VPs - Prospecting,,,,2,1350,,154.838712,USD,USD,Freya - 160x600,,Other,,5298,1157,0,0.8893,0.8893
2/7/2023,ehrx71i,3hp0k3f,4zb5pk7,85bemw0,300x250,zxaeajig,0,Freya Luxe,Freya - Always-On FY23 - Display,F1000 C-Suite/Partners/Directors/VPs - Prospecting,,,,2,1350,,154.838712,USD,USD,Freya - 300x250,,Other,,31341,2105,2,1.8646,1.8646
2/7/2023,ehrx71i,3hp0k3f,4zb5pk7,85bemw0,320x50,e59go2j7,0,Freya Luxe,Freya - Always-On FY23 - Display,F1000 C-Suite/Partners/Directors/VPs - Prospecting,,,,2,1350,,154.838712,USD,USD,Freya - 320x50,,Other,,147120,12684,11,11.3791,11.3791
2/7/2023,ehrx71i,3hp0k3f,4zb5pk7,85bemw0,728x90,5wnuz6jj,0,Freya Luxe,Freya - Always-On FY23 - Display,F1000 C-Suite/Partners/Directors/VPs - Prospecting,,,,2,1350,,154.838712,USD,USD,Freya - 728x90,,Other,,28390,3821,4,3.4632,3.4632
2/7/2023,ehrx71i,3hp0k3f,4zb5pk7,m93k64r,160x600,oglf7648,0,Freya Luxe,Freya - Always-On FY23 - Display,Top 1% HHI & Moving Interest - Prospecting,,,,2,1350,,154.838712,USD,USD,Freya - 160x600,,Other,,405,157,0,0.4259,0.4259
2/7/2023,ehrx71i,3hp0k3f,4zb5pk7,m93k64r,300x250,zxaeajig,0,Freya Luxe,Freya - Always-On FY23 - Display,Top 1% HHI & Moving Interest - Prospecting,,,,2,1350,,154.838712,USD,USD,Freya - 300x250,,Other,,1912,472,0,1.2756,1.2756
2/7/2023,ehrx71i,3hp0k3f,4zb5pk7,m93k64r,320x50,e59go2j7,0,Freya Luxe,Freya - Always-On FY23 - Display,Top 1% HHI & Moving Interest - Prospecting,,,,2,1350,,154.838712,USD,USD,Freya - 320x50,,Other,,8947,3305,10,7.1893,7.1893
2/7/2023,ehrx71i,3hp0k3f,4zb5pk7,m93k64r,728x90,5wnuz6jj,0,Freya Luxe,Freya - Always-On FY23 - Display,Top 1% HHI & Moving Interest - Prospecting,,,,2,1350,,154.838712,USD,USD,Freya - 728x90,,Other,,12735,3335,14,9.9666,9.9666
2/7/2023,ehrx71i,3hp0k3f,4zb5pk7,oi9w4s5,160x600,ykdvjyx0,0,Freya Luxe,Freya - Always-On FY23 - Display,Website Visitors - Retargeting,,,,2,300,,77.419344,USD,USD,Freya - 160x600 - RT,,Other,,795,42,0,0.0486,0.0486
2/7/2023,ehrx71i,3hp0k3f,4zb5pk7,oi9w4s5,300x250,gfblg3ks,0,Freya Luxe,Freya - Always-On FY23 - Display,Website Visitors - Retargeting,,,,2,300,,77.419344,USD,USD,Freya - 300x250 - RT,,Other,,3728,172,0,0.2416,0.2416
2/7/2023,ehrx71i,3hp0k3f,4zb5pk7,oi9w4s5,320x50,psjbo2k4,0,Freya Luxe,Freya - Always-On FY23 - Display,Website Visitors - Retargeting,,,,2,300,,77.419344,USD,USD,Freya - 320x50 - RT,,Other,,4299,558,4,1.0621,1.0621
2/7/2023,ehrx71i,3hp0k3f,4zb5pk7,oi9w4s5,728x90,y823ln54,0,Freya Luxe,Freya - Always-On FY23 - Display,Website Visitors - Retargeting,,,,2,300,,77.419344,USD,USD,Freya - 728x90 - RT,,Other,,3289,678,10,2.3579,2.3579
2/8/2023,ehrx71i,3hp0k3f,4zb5pk7,85bemw0,160x600,oglf7648,0,Freya Luxe,Freya - Always-On FY23 - Display,F1000 C-Suite/Partners/Directors/VPs - Prospecting,,,,2,1350,,154.838712,USD,USD,Freya - 160x600,,Other,,5804,967,0,0.7521,0.7521
2/8/2023,ehrx71i,3hp0k3f,4zb5pk7,85bemw0,300x250,zxaeajig,0,Freya Luxe,Freya - Always-On FY23 - Display,F1000 C-Suite/Partners/Directors/VPs - Prospecting,,,,2,1350,,154.838712,USD,USD,Freya - 300x250,,Other,,34921,1844,0,1.6367,1.6367
2/8/2023,ehrx71i,3hp0k3f,4zb5pk7,85bemw0,320x50,e59go2j7,0,Freya Luxe,Freya - Always-On FY23 - Display,F1000 C-Suite/Partners/Directors/VPs - Prospecting,,,,2,1350,,154.838712,USD,USD,Freya - 320x50,,Other,,200309,12842,13,11.124,11.124
2/8/2023,ehrx71i,3hp0k3f,4zb5pk7,85bemw0,728x90,5wnuz6jj,0,Freya Luxe,Freya - Always-On FY23 - Display,F1000 C-Suite/Partners/Directors/VPs - Prospecting,,,,2,1350,,154.838712,USD,USD,Freya - 728x90,,Other,,49604,3729,4,3.3299,3.3299
2/8/2023,ehrx71i,3hp0k3f,4zb5pk7,m93k64r,160x600,oglf7648,0,Freya Luxe,Freya - Always-On FY23 - Display,Top 1% HHI & Moving Interest - Prospecting,,,,2,1350,,154.838712,USD,USD,Freya - 160x600,,Other,,1007,342,0,0.8604,0.8604
2/8/2023,ehrx71i,3hp0k3f,4zb5pk7,m93k64r,300x250,zxaeajig,0,Freya Luxe,Freya - Always-On FY23 - Display,Top 1% HHI & Moving Interest - Prospecting,,,,2,1350,,154.838712,USD,USD,Freya - 300x250,,Other,,3792,908,1,2.34,2.34
2/8/2023,ehrx71i,3hp0k3f,4zb5pk7,m93k64r,320x50,e59go2j7,0,Freya Luxe,Freya - Always-On FY23 - Display,Top 1% HHI & Moving Interest - Prospecting,,,,2,1350,,154.838712,USD,USD,Freya - 320x50,,Other,,9322,3179,1,7.3048,7.3048
2/8/2023,ehrx71i,3hp0k3f,4zb5pk7,m93k64r,728x90,5wnuz6jj,0,Freya Luxe,Freya - Always-On FY23 - Display,Top 1% HHI & Moving Interest - Prospecting,,,,2,1350,,154.838712,USD,USD,Freya - 728x90,,Other,,11821,3460,13,10.436,10.436
2/8/2023,ehrx71i,3hp0k3f,4zb5pk7,oi9w4s5,160x600,ykdvjyx0,0,Freya Luxe,Freya - Always-On FY23 - Display,Website Visitors - Retargeting,,,,2,300,,77.419344,USD,USD,Freya - 160x600 - RT,,Other,,767,30,1,0.0549,0.0549
2/8/2023,ehrx71i,3hp0k3f,4zb5pk7,oi9w4s5,300x250,gfblg3ks,0,Freya Luxe,Freya - Always-On FY23 - Display,Website Visitors - Retargeting,,,,2,300,,77.419344,USD,USD,Freya - 300x250 - RT,,Other,,4000,131,2,0.1852,0.1852
2/8/2023,ehrx71i,3hp0k3f,4zb5pk7,oi9w4s5,320x50,psjbo2k4,0,Freya Luxe,Freya - Always-On FY23 - Display,Website Visitors - Retargeting,,,,2,300,,77.419344,USD,USD,Freya - 320x50 - RT,,Other,,5420,483,2,0.9121,0.9121
2/8/2023,ehrx71i,3hp0k3f,4zb5pk7,oi9w4s5,728x90,y823ln54,0,Freya Luxe,Freya - Always-On FY23 - Display,Website Visitors - Retargeting,,,,2,300,,77.419344,USD,USD,Freya - 728x90 - RT,,Other,,4000,627,0,2.2063,2.2063
2/9/2023,ehrx71i,3hp0k3f,4zb5pk7,85bemw0,160x600,oglf7648,0,Freya Luxe,Freya - Always-On FY23 - Display,F1000 C-Suite/Partners/Directors/VPs - Prospecting,,,,2,1350,,154.838712,USD,USD,Freya - 160x600,,Other,,864,241,0,0.6519,0.6519
2/9/2023,ehrx71i,3hp0k3f,4zb5pk7,85bemw0,300x250,zxaeajig,0,Freya Luxe,Freya - Always-On FY23 - Display,F1000 C-Suite/Partners/Directors/VPs - Prospecting,,,,2,1350,,154.838712,USD,USD,Freya - 300x250,,Other,,3946,941,1,2.8467,2.8467
2/9/2023,ehrx71i,3hp0k3f,4zb5pk7,85bemw0,320x50,e59go2j7,0,Freya Luxe,Freya - Always-On FY23 - Display,F1000 C-Suite/Partners/Directors/VPs - Prospecting,,,,2,1350,,154.838712,USD,USD,Freya - 320x50,,Other,,164521,12477,15,22.7691,22.7691
2/9/2023,ehrx71i,3hp0k3f,4zb5pk7,85bemw0,728x90,5wnuz6jj,0,Freya Luxe,Freya - Always-On FY23 - Display,F1000 C-Suite/Partners/Directors/VPs - Prospecting,,,,2,1350,,154.838712,USD,USD,Freya - 728x90,,Other,,287938,4487,8,7.963,7.963
2/9/2023,ehrx71i,3hp0k3f,4zb5pk7,m93k64r,160x600,oglf7648,0,Freya Luxe,Freya - Always-On FY23 - Display,Top 1% HHI & Moving Interest - Prospecting,,,,2,1350,,154.838712,USD,USD,Freya - 160x600,,Other,,15833,475,1,0.3721,0.3721
2/9/2023,ehrx71i,3hp0k3f,4zb5pk7,m93k64r,300x250,zxaeajig,0,Freya Luxe,Freya - Always-On FY23 - Display,Top 1% HHI & Moving Interest - Prospecting,,,,2,1350,,154.838712,USD,USD,Freya - 300x250,,Other,,67087,1717,1,1.3726,1.3726
2/9/2023,ehrx71i,3hp0k3f,4zb5pk7,m93k64r,320x50,e59go2j7,0,Freya Luxe,Freya - Always-On FY23 - Display,Top 1% HHI & Moving Interest - Prospecting,,,,2,1350,,154.838712,USD,USD,Freya - 320x50,,Other,,68730,4415,1,9.1618,9.1618
2/9/2023,ehrx71i,3hp0k3f,4zb5pk7,m93k64r,728x90,5wnuz6jj,0,Freya Luxe,Freya - Always-On FY23 - Display,Top 1% HHI & Moving Interest - Prospecting,,,,2,1350,,154.838712,USD,USD,Freya - 728x90,,Other,,51114,2193,0,2.4667,2.4667
2/9/2023,ehrx71i,3hp0k3f,4zb5pk7,oi9w4s5,160x600,ykdvjyx0,0,Freya Luxe,Freya - Always-On FY23 - Display,Website Visitors - Retargeting,,,,2,300,,77.419344,USD,USD,Freya - 160x600 - RT,,Other,,320,13,0,0.0103,0.0103
2/9/2023,ehrx71i,3hp0k3f,4zb5pk7,oi9w4s5,300x250,gfblg3ks,0,Freya Luxe,Freya - Always-On FY23 - Display,Website Visitors - Retargeting,,,,2,300,,77.419344,USD,USD,Freya - 300x250 - RT,,Other,,1836,37,1,0.0748,0.0748
2/9/2023,ehrx71i,3hp0k3f,4zb5pk7,oi9w4s5,320x50,psjbo2k4,0,Freya Luxe,Freya - Always-On FY23 - Display,Website Visitors - Retargeting,,,,2,300,,77.419344,USD,USD,Freya - 320x50 - RT,,Other,,4429,481,2,1.0507,1.0507
2/9/2023,ehrx71i,3hp0k3f,4zb5pk7,oi9w4s5,728x90,y823ln54,0,Freya Luxe,Freya - Always-On FY23 - Display,Website Visitors - Retargeting,,,,2,300,,77.419344,USD,USD,Freya - 728x90 - RT,,Other,,3289,300,1,0.7703,0.7703
2/10/2023,ehrx71i,3hp0k3f,4zb5pk7,85bemw0,160x600,oglf7648,0,Freya Luxe,Freya - Always-On FY23 - Display,F1000 C-Suite/Partners/Directors/VPs - Prospecting,,,,2,1350,,154.838712,USD,USD,Freya - 160x600,,Other,,104,32,0,0.0824,0.0824
2/10/2023,ehrx71i,3hp0k3f,4zb5pk7,85bemw0,300x250,zxaeajig,0,Freya Luxe,Freya - Always-On FY23 - Display,F1000 C-Suite/Partners/Directors/VPs - Prospecting,,,,2,1350,,154.838712,USD,USD,Freya - 300x250,,Other,,821,169,1,0.4972,0.4972
2/10/2023,ehrx71i,3hp0k3f,4zb5pk7,85bemw0,320x50,e59go2j7,0,Freya Luxe,Freya - Always-On FY23 - Display,F1000 C-Suite/Partners/Directors/VPs - Prospecting,,,,2,1350,,154.838712,USD,USD,Freya - 320x50,,Other,,196883,10580,29,12.4856,12.4856
2/10/2023,ehrx71i,3hp0k3f,4zb5pk7,85bemw0,728x90,5wnuz6jj,0,Freya Luxe,Freya - Always-On FY23 - Display,F1000 C-Suite/Partners/Directors/VPs - Prospecting,,,,2,1350,,154.838712,USD,USD,Freya - 728x90,,Other,,286205,2479,6,2.9898,2.9898
2/10/2023,ehrx71i,3hp0k3f,4zb5pk7,m93k64r,160x600,oglf7648,0,Freya Luxe,Freya - Always-On FY23 - Display,Top 1% HHI & Moving Interest - Prospecting,,,,2,1350,,154.838712,USD,USD,Freya - 160x600,,Other,,47776,759,0,0.3913,0.3913
2/10/2023,ehrx71i,3hp0k3f,4zb5pk7,m93k64r,300x250,zxaeajig,0,Freya Luxe,Freya - Always-On FY23 - Display,Top 1% HHI & Moving Interest - Prospecting,,,,2,1350,,154.838712,USD,USD,Freya - 300x250,,Other,,198723,2697,1,1.4975,1.4975
2/10/2023,ehrx71i,3hp0k3f,4zb5pk7,m93k64r,320x50,e59go2j7,0,Freya Luxe,Freya - Always-On FY23 - Display,Top 1% HHI & Moving Interest - Prospecting,,,,2,1350,,154.838712,USD,USD,Freya - 320x50,,Other,,165648,6311,13,13.3282,13.3282
2/10/2023,ehrx71i,3hp0k3f,4zb5pk7,m93k64r,728x90,5wnuz6jj,0,Freya Luxe,Freya - Always-On FY23 - Display,Top 1% HHI & Moving Interest - Prospecting,,,,2,1350,,154.838712,USD,USD,Freya - 728x90,,Other,,129560,3131,3,3.2599,3.2599
2/10/2023,ehrx71i,3hp0k3f,4zb5pk7,oi9w4s5,160x600,ykdvjyx0,0,Freya Luxe,Freya - Always-On FY23 - Display,Website Visitors - Retargeting,,,,2,300,,77.419344,USD,USD,Freya - 160x600 - RT,,Other,,302,12,0,0.009,0.009
2/10/2023,ehrx71i,3hp0k3f,4zb5pk7,oi9w4s5,300x250,gfblg3ks,0,Freya Luxe,Freya - Always-On FY23 - Display,Website Visitors - Retargeting,,,,2,300,,77.419344,USD,USD,Freya - 300x250 - RT,,Other,,2176,63,2,0.1105,0.1105
2/10/2023,ehrx71i,3hp0k3f,4zb5pk7,oi9w4s5,320x50,psjbo2k4,0,Freya Luxe,Freya - Always-On FY23 - Display,Website Visitors - Retargeting,,,,2,300,,77.419344,USD,USD,Freya - 320x50 - RT,,Other,,4469,540,4,1.2001,1.2001
2/10/2023,ehrx71i,3hp0k3f,4zb5pk7,oi9w4s5,728x90,y823ln54,0,Freya Luxe,Freya - Always-On FY23 - Display,Website Visitors - Retargeting,,,,2,300,,77.419344,USD,USD,Freya - 728x90 - RT,,Other,,4465,441,2,1.1278,1.1278
2/11/2023,ehrx71i,3hp0k3f,4zb5pk7,85bemw0,160x600,oglf7648,0,Freya Luxe,Freya - Always-On FY23 - Display,F1000 C-Suite/Partners/Directors/VPs - Prospecting,,,,2,1350,,154.838712,USD,USD,Freya - 160x600,,Other,,14,6,0,0.0138,0.0138
2/11/2023,ehrx71i,3hp0k3f,4zb5pk7,85bemw0,300x250,zxaeajig,0,Freya Luxe,Freya - Always-On FY23 - Display,F1000 C-Suite/Partners/Directors/VPs - Prospecting,,,,2,1350,,154.838712,USD,USD,Freya - 300x250,,Other,,68,18,0,0.0508,0.0508
2/11/2023,ehrx71i,3hp0k3f,4zb5pk7,85bemw0,320x50,e59go2j7,0,Freya Luxe,Freya - Always-On FY23 - Display,F1000 C-Suite/Partners/Directors/VPs - Prospecting,,,,2,1350,,154.838712,USD,USD,Freya - 320x50,,Other,,994,650,0,1.9197,1.9197
2/11/2023,ehrx71i,3hp0k3f,4zb5pk7,85bemw0,728x90,5wnuz6jj,0,Freya Luxe,Freya - Always-On FY23 - Display,F1000 C-Suite/Partners/Directors/VPs - Prospecting,,,,2,1350,,154.838712,USD,USD,Freya - 728x90,,Other,,83836,20601,26,13.8827,13.8827
2/11/2023,ehrx71i,3hp0k3f,4zb5pk7,m93k64r,160x600,oglf7648,0,Freya Luxe,Freya - Always-On FY23 - Display,Top 1% HHI & Moving Interest - Prospecting,,,,2,1350,,154.838712,USD,USD,Freya - 160x600,,Other,,6040,276,2,0.5387,0.5387
2/11/2023,ehrx71i,3hp0k3f,4zb5pk7,m93k64r,300x250,zxaeajig,0,Freya Luxe,Freya - Always-On FY23 - Display,Top 1% HHI & Moving Interest - Prospecting,,,,2,1350,,154.838712,USD,USD,Freya - 300x250,,Other,,40811,1200,1,1.7957,1.7957
2/11/2023,ehrx71i,3hp0k3f,4zb5pk7,m93k64r,320x50,e59go2j7,0,Freya Luxe,Freya - Always-On FY23 - Display,Top 1% HHI & Moving Interest - Prospecting,,,,2,1350,,154.838712,USD,USD,Freya - 320x50,,Other,,69175,5291,9,12.5677,12.5677
2/11/2023,ehrx71i,3hp0k3f,4zb5pk7,m93k64r,728x90,5wnuz6jj,0,Freya Luxe,Freya - Always-On FY23 - Display,Top 1% HHI & Moving Interest - Prospecting,,,,2,1350,,154.838712,USD,USD,Freya - 728x90,,Other,,27207,1836,2,3.3763,3.3763
2/11/2023,ehrx71i,3hp0k3f,4zb5pk7,oi9w4s5,160x600,ykdvjyx0,0,Freya Luxe,Freya - Always-On FY23 - Display,Website Visitors - Retargeting,,,,2,300,,77.419344,USD,USD,Freya - 160x600 - RT,,Other,,649,57,0,0.1513,0.1513
2/11/2023,ehrx71i,3hp0k3f,4zb5pk7,oi9w4s5,300x250,gfblg3ks,0,Freya Luxe,Freya - Always-On FY23 - Display,Website Visitors - Retargeting,,,,2,300,,77.419344,USD,USD,Freya - 300x250 - RT,,Other,,3614,241,4,0.6803,0.6803
2/11/2023,ehrx71i,3hp0k3f,4zb5pk7,oi9w4s5,320x50,psjbo2k4,0,Freya Luxe,Freya - Always-On FY23 - Display,Website Visitors - Retargeting,,,,2,300,,77.419344,USD,USD,Freya - 320x50 - RT,,Other,,3212,455,2,1.2018,1.2018
2/11/2023,ehrx71i,3hp0k3f,4zb5pk7,oi9w4s5,728x90,y823ln54,0,Freya Luxe,Freya - Always-On FY23 - Display,Website Visitors - Retargeting,,,,2,300,,77.419344,USD,USD,Freya - 728x90 - RT,,Other,,2130,335,1,1.1607,1.1607
2/12/2023,ehrx71i,3hp0k3f,4zb5pk7,85bemw0,160x600,oglf7648,0,Freya Luxe,Freya - Always-On FY23 - Display,F1000 C-Suite/Partners/Directors/VPs - Prospecting,,,,2,1350,,154.838712,USD,USD,Freya - 160x600,,Other,,501,196,0,0.1056,0.1056
2/12/2023,ehrx71i,3hp0k3f,4zb5pk7,85bemw0,300x250,zxaeajig,0,Freya Luxe,Freya - Always-On FY23 - Display,F1000 C-Suite/Partners/Directors/VPs - Prospecting,,,,2,1350,,154.838712,USD,USD,Freya - 300x250,,Other,,2114,254,0,0.1673,0.1673
2/12/2023,ehrx71i,3hp0k3f,4zb5pk7,85bemw0,320x50,e59go2j7,0,Freya Luxe,Freya - Always-On FY23 - Display,F1000 C-Suite/Partners/Directors/VPs - Prospecting,,,,2,1350,,154.838712,USD,USD,Freya - 320x50,,Other,,55475,9821,12,6.3322,6.3322
2/12/2023,ehrx71i,3hp0k3f,4zb5pk7,85bemw0,728x90,5wnuz6jj,0,Freya Luxe,Freya - Always-On FY23 - Display,F1000 C-Suite/Partners/Directors/VPs - Prospecting,,,,2,1350,,154.838712,USD,USD,Freya - 728x90,,Other,,50320,13360,15,8.9847,8.9847
2/12/2023,ehrx71i,3hp0k3f,4zb5pk7,m93k64r,160x600,oglf7648,0,Freya Luxe,Freya - Always-On FY23 - Display,Top 1% HHI & Moving Interest - Prospecting,,,,2,1350,,154.838712,USD,USD,Freya - 160x600,,Other,,1120,361,0,0.8971,0.8971
2/12/2023,ehrx71i,3hp0k3f,4zb5pk7,m93k64r,300x250,zxaeajig,0,Freya Luxe,Freya - Always-On FY23 - Display,Top 1% HHI & Moving Interest - Prospecting,,,,2,1350,,154.838712,USD,USD,Freya - 300x250,,Other,,10953,1491,1,3.366,3.366
2/12/2023,ehrx71i,3hp0k3f,4zb5pk7,m93k64r,320x50,e59go2j7,0,Freya Luxe,Freya - Always-On FY23 - Display,Top 1% HHI & Moving Interest - Prospecting,,,,2,1350,,154.838712,USD,USD,Freya - 320x50,,Other,,18241,3966,2,9.4707,9.4707
2/12/2023,ehrx71i,3hp0k3f,4zb5pk7,m93k64r,728x90,5wnuz6jj,0,Freya Luxe,Freya - Always-On FY23 - Display,Top 1% HHI & Moving Interest - Prospecting,,,,2,1350,,154.838712,USD,USD,Freya - 728x90,,Other,,6660,1882,6,4.3307,4.3307
2/12/2023,ehrx71i,3hp0k3f,4zb5pk7,oi9w4s5,160x600,ykdvjyx0,0,Freya Luxe,Freya - Always-On FY23 - Display,Website Visitors - Retargeting,,,,2,300,,77.419344,USD,USD,Freya - 160x600 - RT,,Other,,660,41,1,0.113,0.113
2/12/2023,ehrx71i,3hp0k3f,4zb5pk7,oi9w4s5,300x250,gfblg3ks,0,Freya Luxe,Freya - Always-On FY23 - Display,Website Visitors - Retargeting,,,,2,300,,77.419344,USD,USD,Freya - 300x250 - RT,,Other,,3697,237,0,0.6826,0.6826
2/12/2023,ehrx71i,3hp0k3f,4zb5pk7,oi9w4s5,320x50,psjbo2k4,0,Freya Luxe,Freya - Always-On FY23 - Display,Website Visitors - Retargeting,,,,2,300,,77.419344,USD,USD,Freya - 320x50 - RT,,Other,,2817,469,3,1.331,1.331
2/12/2023,ehrx71i,3hp0k3f,4zb5pk7,oi9w4s5,728x90,y823ln54,0,Freya Luxe,Freya - Always-On FY23 - Display,Website Visitors - Retargeting,,,,2,300,,77.419344,USD,USD,Freya - 728x90 - RT,,Other,,1818,390,2,1.6185,1.6185
2/13/2023,ehrx71i,3hp0k3f,4zb5pk7,85bemw0,160x600,oglf7648,0,Freya Luxe,Freya - Always-On FY23 - Display,F1000 C-Suite/Partners/Directors/VPs - Prospecting,,,,2,1350,,154.838712,USD,USD,Freya - 160x600,,Other,,1762,590,1,0.3052,0.3052
2/13/2023,ehrx71i,3hp0k3f,4zb5pk7,85bemw0,300x250,zxaeajig,0,Freya Luxe,Freya - Always-On FY23 - Display,F1000 C-Suite/Partners/Directors/VPs - Prospecting,,,,2,1350,,154.838712,USD,USD,Freya - 300x250,,Other,,6049,731,1,0.4412,0.4412
2/13/2023,ehrx71i,3hp0k3f,4zb5pk7,85bemw0,320x50,e59go2j7,0,Freya Luxe,Freya - Always-On FY23 - Display,F1000 C-Suite/Partners/Directors/VPs - Prospecting,,,,2,1350,,154.838712,USD,USD,Freya - 320x50,,Other,,118262,20585,20,11.1604,11.1604
2/13/2023,ehrx71i,3hp0k3f,4zb5pk7,85bemw0,728x90,5wnuz6jj,0,Freya Luxe,Freya - Always-On FY23 - Display,F1000 C-Suite/Partners/Directors/VPs - Prospecting,,,,2,1350,,154.838712,USD,USD,Freya - 728x90,,Other,,23042,5772,7,3.495,3.495
2/13/2023,ehrx71i,3hp0k3f,4zb5pk7,m93k64r,160x600,oglf7648,0,Freya Luxe,Freya - Always-On FY23 - Display,Top 1% HHI & Moving Interest - Prospecting,,,,2,1350,,154.838712,USD,USD,Freya - 160x600,,Other,,1244,369,1,1.034,1.034
2/13/2023,ehrx71i,3hp0k3f,4zb5pk7,m93k64r,300x250,zxaeajig,0,Freya Luxe,Freya - Always-On FY23 - Display,Top 1% HHI & Moving Interest - Prospecting,,,,2,1350,,154.838712,USD,USD,Freya - 300x250,,Other,,20426,1771,1,4.5543,4.5543
2/13/2023,ehrx71i,3hp0k3f,4zb5pk7,m93k64r,320x50,e59go2j7,0,Freya Luxe,Freya - Always-On FY23 - Display,Top 1% HHI & Moving Interest - Prospecting,,,,2,1350,,154.838712,USD,USD,Freya - 320x50,,Other,,52521,3644,5,7.7593,7.7593
2/13/2023,ehrx71i,3hp0k3f,4zb5pk7,m93k64r,728x90,5wnuz6jj,0,Freya Luxe,Freya - Always-On FY23 - Display,Top 1% HHI & Moving Interest - Prospecting,,,,2,1350,,154.838712,USD,USD,Freya - 728x90,,Other,,83254,2669,5,4.4732,4.4732
2/13/2023,ehrx71i,3hp0k3f,4zb5pk7,oi9w4s5,160x600,ykdvjyx0,0,Freya Luxe,Freya - Always-On FY23 - Display,Website Visitors - Retargeting,,,,2,300,,77.419344,USD,USD,Freya - 160x600 - RT,,Other,,1141,110,1,0.3121,0.3121
2/13/2023,ehrx71i,3hp0k3f,4zb5pk7,oi9w4s5,300x250,gfblg3ks,0,Freya Luxe,Freya - Always-On FY23 - Display,Website Visitors - Retargeting,,,,2,300,,77.419344,USD,USD,Freya - 300x250 - RT,,Other,,4767,352,1,0.9993,0.9993
2/13/2023,ehrx71i,3hp0k3f,4zb5pk7,oi9w4s5,320x50,psjbo2k4,0,Freya Luxe,Freya - Always-On FY23 - Display,Website Visitors - Retargeting,,,,2,300,,77.419344,USD,USD,Freya - 320x50 - RT,,Other,,3106,389,1,1.0867,1.0867
2/13/2023,ehrx71i,3hp0k3f,4zb5pk7,oi9w4s5,728x90,y823ln54,0,Freya Luxe,Freya - Always-On FY23 - Display,Website Visitors - Retargeting,,,,2,300,,77.419344,USD,USD,Freya - 728x90 - RT,,Other,,2424,356,1,1.482,1.482
2/14/2023,ehrx71i,3hp0k3f,4zb5pk7,85bemw0,160x600,oglf7648,0,Freya Luxe,Freya - Always-On FY23 - Display,F1000 C-Suite/Partners/Directors/VPs - Prospecting,,,,2,1350,,154.838712,USD,USD,Freya - 160x600,,Other,,1742,488,0,0.257,0.257
2/14/2023,ehrx71i,3hp0k3f,4zb5pk7,85bemw0,300x250,zxaeajig,0,Freya Luxe,Freya - Always-On FY23 - Display,F1000 C-Suite/Partners/Directors/VPs - Prospecting,,,,2,1350,,154.838712,USD,USD,Freya - 300x250,,Other,,5759,654,1,0.4146,0.4146
2/14/2023,ehrx71i,3hp0k3f,4zb5pk7,85bemw0,320x50,e59go2j7,0,Freya Luxe,Freya - Always-On FY23 - Display,F1000 C-Suite/Partners/Directors/VPs - Prospecting,,,,2,1350,,154.838712,USD,USD,Freya - 320x50,,Other,,86525,13919,15,8.8624,8.8624
2/14/2023,ehrx71i,3hp0k3f,4zb5pk7,85bemw0,728x90,5wnuz6jj,0,Freya Luxe,Freya - Always-On FY23 - Display,F1000 C-Suite/Partners/Directors/VPs - Prospecting,,,,2,1350,,154.838712,USD,USD,Freya - 728x90,,Other,,25992,6347,10,5.7606,5.7606
2/14/2023,ehrx71i,3hp0k3f,4zb5pk7,m93k64r,160x600,oglf7648,0,Freya Luxe,Freya - Always-On FY23 - Display,Top 1% HHI & Moving Interest - Prospecting,,,,2,1350,,154.838712,USD,USD,Freya - 160x600,,Other,,2850,586,0,1.6493,1.6493
2/14/2023,ehrx71i,3hp0k3f,4zb5pk7,m93k64r,300x250,zxaeajig,0,Freya Luxe,Freya - Always-On FY23 - Display,Top 1% HHI & Moving Interest - Prospecting,,,,2,1350,,154.838712,USD,USD,Freya - 300x250,,Other,,41486,2377,2,6.453,6.453
2/14/2023,ehrx71i,3hp0k3f,4zb5pk7,m93k64r,320x50,e59go2j7,0,Freya Luxe,Freya - Always-On FY23 - Display,Top 1% HHI & Moving Interest - Prospecting,,,,2,1350,,154.838712,USD,USD,Freya - 320x50,,Other,,93418,2846,6,5.3017,5.3017
2/14/2023,ehrx71i,3hp0k3f,4zb5pk7,m93k64r,728x90,5wnuz6jj,0,Freya Luxe,Freya - Always-On FY23 - Display,Top 1% HHI & Moving Interest - Prospecting,,,,2,1350,,154.838712,USD,USD,Freya - 728x90,,Other,,173469,3214,5,4.1923,4.1923
2/14/2023,ehrx71i,3hp0k3f,4zb5pk7,oi9w4s5,160x600,ykdvjyx0,0,Freya Luxe,Freya - Always-On FY23 - Display,Website Visitors - Retargeting,,,,2,300,,77.419344,USD,USD,Freya - 160x600 - RT,,Other,,924,72,1,0.2006,0.2006
2/14/2023,ehrx71i,3hp0k3f,4zb5pk7,oi9w4s5,300x250,gfblg3ks,0,Freya Luxe,Freya - Always-On FY23 - Display,Website Visitors - Retargeting,,,,2,300,,77.419344,USD,USD,Freya - 300x250 - RT,,Other,,4595,301,1,0.8508,0.8508
2/14/2023,ehrx71i,3hp0k3f,4zb5pk7,oi9w4s5,320x50,psjbo2k4,0,Freya Luxe,Freya - Always-On FY23 - Display,Website Visitors - Retargeting,,,,2,300,,77.419344,USD,USD,Freya - 320x50 - RT,,Other,,3225,485,4,1.3853,1.3853
2/14/2023,ehrx71i,3hp0k3f,4zb5pk7,oi9w4s5,728x90,y823ln54,0,Freya Luxe,Freya - Always-On FY23 - Display,Website Visitors - Retargeting,,,,2,300,,77.419344,USD,USD,Freya - 728x90 - RT,,Other,,1974,424,3,1.855,1.855
2/15/2023,ehrx71i,3hp0k3f,4zb5pk7,85bemw0,160x600,oglf7648,0,Freya Luxe,Freya - Always-On FY23 - Display,F1000 C-Suite/Partners/Directors/VPs - Prospecting,,,,2,1350,,154.838712,USD,USD,Freya - 160x600,,Other,,32,15,0,0.0425,0.0425
2/15/2023,ehrx71i,3hp0k3f,4zb5pk7,85bemw0,300x250,zxaeajig,0,Freya Luxe,Freya - Always-On FY23 - Display,F1000 C-Suite/Partners/Directors/VPs - Prospecting,,,,2,1350,,154.838712,USD,USD,Freya - 300x250,,Other,,351,73,0,0.2357,0.2357
2/15/2023,ehrx71i,3hp0k3f,4zb5pk7,85bemw0,320x50,e59go2j7,0,Freya Luxe,Freya - Always-On FY23 - Display,F1000 C-Suite/Partners/Directors/VPs - Prospecting,,,,2,1350,,154.838712,USD,USD,Freya - 320x50,,Other,,13694,2708,21,6.0079,6.0079
2/15/2023,ehrx71i,3hp0k3f,4zb5pk7,85bemw0,728x90,5wnuz6jj,0,Freya Luxe,Freya - Always-On FY23 - Display,F1000 C-Suite/Partners/Directors/VPs - Prospecting,,,,2,1350,,154.838712,USD,USD,Freya - 728x90,,Other,,34280,5549,23,8.7869,8.7869
2/15/2023,ehrx71i,3hp0k3f,4zb5pk7,m93k64r,160x600,oglf7648,0,Freya Luxe,Freya - Always-On FY23 - Display,Top 1% HHI & Moving Interest - Prospecting,,,,2,1350,,154.838712,USD,USD,Freya - 160x600,,Other,,3867,536,0,0.9528,0.9528
2/15/2023,ehrx71i,3hp0k3f,4zb5pk7,m93k64r,300x250,zxaeajig,0,Freya Luxe,Freya - Always-On FY23 - Display,Top 1% HHI & Moving Interest - Prospecting,,,,2,1350,,154.838712,USD,USD,Freya - 300x250,,Other,,31546,1875,2,3.9248,3.9248
2/15/2023,ehrx71i,3hp0k3f,4zb5pk7,m93k64r,320x50,e59go2j7,0,Freya Luxe,Freya - Always-On FY23 - Display,Top 1% HHI & Moving Interest - Prospecting,,,,2,1350,,154.838712,USD,USD,Freya - 320x50,,Other,,58330,3107,7,6.9406,6.9406
2/15/2023,ehrx71i,3hp0k3f,4zb5pk7,m93k64r,728x90,5wnuz6jj,0,Freya Luxe,Freya - Always-On FY23 - Display,Top 1% HHI & Moving Interest - Prospecting,,,,2,1350,,154.838712,USD,USD,Freya - 728x90,,Other,,88623,3190,6,5.5286,5.5286
2/15/2023,ehrx71i,3hp0k3f,4zb5pk7,oi9w4s5,160x600,ykdvjyx0,0,Freya Luxe,Freya - Always-On FY23 - Display,Website Visitors - Retargeting,,,,2,300,,77.419344,USD,USD,Freya - 160x600 - RT,,Other,,1085,89,1,0.2539,0.2539
2/15/2023,ehrx71i,3hp0k3f,4zb5pk7,oi9w4s5,300x250,gfblg3ks,0,Freya Luxe,Freya - Always-On FY23 - Display,Website Visitors - Retargeting,,,,2,300,,77.419344,USD,USD,Freya - 300x250 - RT,,Other,,4561,322,3,0.9144,0.9144
2/15/2023,ehrx71i,3hp0k3f,4zb5pk7,oi9w4s5,320x50,psjbo2k4,0,Freya Luxe,Freya - Always-On FY23 - Display,Website Visitors - Retargeting,,,,2,300,,77.419344,USD,USD,Freya - 320x50 - RT,,Other,,3736,462,3,1.314,1.314
2/15/2023,ehrx71i,3hp0k3f,4zb5pk7,oi9w4s5,728x90,y823ln54,0,Freya Luxe,Freya - Always-On FY23 - Display,Website Visitors - Retargeting,,,,2,300,,77.419344,USD,USD,Freya - 728x90 - RT,,Other,,2559,464,5,1.7433,1.7433
2/16/2023,ehrx71i,3hp0k3f,4zb5pk7,85bemw0,160x600,oglf7648,0,Freya Luxe,Freya - Always-On FY23 - Display,F1000 C-Suite/Partners/Directors/VPs - Prospecting,,,,2,1350,,154.838712,USD,USD,Freya - 160x600,,Other,,157,48,0,0.1316,0.1316
2/16/2023,ehrx71i,3hp0k3f,4zb5pk7,85bemw0,300x250,zxaeajig,0,Freya Luxe,Freya - Always-On FY23 - Display,F1000 C-Suite/Partners/Directors/VPs - Prospecting,,,,2,1350,,154.838712,USD,USD,Freya - 300x250,,Other,,1625,190,0,0.5743,0.5743
2/16/2023,ehrx71i,3hp0k3f,4zb5pk7,85bemw0,320x50,e59go2j7,0,Freya Luxe,Freya - Always-On FY23 - Display,F1000 C-Suite/Partners/Directors/VPs - Prospecting,,,,2,1350,,154.838712,USD,USD,Freya - 320x50,,Other,,18109,4146,13,9.894,9.894
2/16/2023,ehrx71i,3hp0k3f,4zb5pk7,85bemw0,728x90,5wnuz6jj,0,Freya Luxe,Freya - Always-On FY23 - Display,F1000 C-Suite/Partners/Directors/VPs - Prospecting,,,,2,1350,,154.838712,USD,USD,Freya - 728x90,,Other,,16212,3605,13,6.4464,6.4464
2/16/2023,ehrx71i,3hp0k3f,4zb5pk7,m93k64r,160x600,oglf7648,0,Freya Luxe,Freya - Always-On FY23 - Display,Top 1% HHI & Moving Interest - Prospecting,,,,2,1350,,154.838712,USD,USD,Freya - 160x600,,Other,,5547,398,2,0.4566,0.4566
2/16/2023,ehrx71i,3hp0k3f,4zb5pk7,m93k64r,300x250,zxaeajig,0,Freya Luxe,Freya - Always-On FY23 - Display,Top 1% HHI & Moving Interest - Prospecting,,,,2,1350,,154.838712,USD,USD,Freya - 300x250,,Other,,33280,1427,5,2.1227,2.1227
2/16/2023,ehrx71i,3hp0k3f,4zb5pk7,m93k64r,320x50,e59go2j7,0,Freya Luxe,Freya - Always-On FY23 - Display,Top 1% HHI & Moving Interest - Prospecting,,,,2,1350,,154.838712,USD,USD,Freya - 320x50,,Other,,35440,2661,3,5.7283,5.7283
2/16/2023,ehrx71i,3hp0k3f,4zb5pk7,m93k64r,728x90,5wnuz6jj,0,Freya Luxe,Freya - Always-On FY23 - Display,Top 1% HHI & Moving Interest - Prospecting,,,,2,1350,,154.838712,USD,USD,Freya - 728x90,,Other,,22532,3178,7,7.4152,7.4152
2/16/2023,ehrx71i,3hp0k3f,4zb5pk7,oi9w4s5,160x600,ykdvjyx0,0,Freya Luxe,Freya - Always-On FY23 - Display,Website Visitors - Retargeting,,,,2,300,,77.419344,USD,USD,Freya - 160x600 - RT,,Other,,866,70,1,0.1995,0.1995
2/16/2023,ehrx71i,3hp0k3f,4zb5pk7,oi9w4s5,300x250,gfblg3ks,0,Freya Luxe,Freya - Always-On FY23 - Display,Website Visitors - Retargeting,,,,2,300,,77.419344,USD,USD,Freya - 300x250 - RT,,Other,,4205,281,2,0.8005,0.8005
2/16/2023,ehrx71i,3hp0k3f,4zb5pk7,oi9w4s5,320x50,psjbo2k4,0,Freya Luxe,Freya - Always-On FY23 - Display,Website Visitors - Retargeting,,,,2,300,,77.419344,USD,USD,Freya - 320x50 - RT,,Other,,3501,419,1,1.2148,1.2148
2/16/2023,ehrx71i,3hp0k3f,4zb5pk7,oi9w4s5,728x90,y823ln54,0,Freya Luxe,Freya - Always-On FY23 - Display,Website Visitors - Retargeting,,,,2,300,,77.419344,USD,USD,Freya - 728x90 - RT,,Other,,2360,358,4,1.5235,1.5235
2/17/2023,ehrx71i,3hp0k3f,4zb5pk7,85bemw0,160x600,oglf7648,0,Freya Luxe,Freya - Always-On FY23 - Display,F1000 C-Suite/Partners/Directors/VPs - Prospecting,,,,2,1350,,154.838712,USD,USD,Freya - 160x600,,Other,,168,5,0,0.011,0.011
2/17/2023,ehrx71i,3hp0k3f,4zb5pk7,85bemw0,300x250,zxaeajig,0,Freya Luxe,Freya - Always-On FY23 - Display,F1000 C-Suite/Partners/Directors/VPs - Prospecting,,,,2,1350,,154.838712,USD,USD,Freya - 300x250,,Other,,8246,167,0,0.3202,0.3202
2/17/2023,ehrx71i,3hp0k3f,4zb5pk7,85bemw0,320x50,e59go2j7,0,Freya Luxe,Freya - Always-On FY23 - Display,F1000 C-Suite/Partners/Directors/VPs - Prospecting,,,,2,1350,,154.838712,USD,USD,Freya - 320x50,,Other,,151742,17626,21,12.2417,12.2417
2/17/2023,ehrx71i,3hp0k3f,4zb5pk7,85bemw0,728x90,5wnuz6jj,0,Freya Luxe,Freya - Always-On FY23 - Display,F1000 C-Suite/Partners/Directors/VPs - Prospecting,,,,2,1350,,154.838712,USD,USD,Freya - 728x90,,Other,,14127,2698,8,2.9519,2.9519
2/17/2023,ehrx71i,3hp0k3f,4zb5pk7,m93k64r,160x600,oglf7648,0,Freya Luxe,Freya - Always-On FY23 - Display,Top 1% HHI & Moving Interest - Prospecting,,,,2,1350,,154.838712,USD,USD,Freya - 160x600,,Other,,4120,356,0,0.7746,0.7746
2/17/2023,ehrx71i,3hp0k3f,4zb5pk7,m93k64r,300x250,zxaeajig,0,Freya Luxe,Freya - Always-On FY23 - Display,Top 1% HHI & Moving Interest - Prospecting,,,,2,1350,,154.838712,USD,USD,Freya - 300x250,,Other,,23113,1291,1,3.0835,3.0835
2/17/2023,ehrx71i,3hp0k3f,4zb5pk7,m93k64r,320x50,e59go2j7,0,Freya Luxe,Freya - Always-On FY23 - Display,Top 1% HHI & Moving Interest - Prospecting,,,,2,1350,,154.838712,USD,USD,Freya - 320x50,,Other,,30647,2788,7,6.5411,6.5411
2/17/2023,ehrx71i,3hp0k3f,4zb5pk7,m93k64r,728x90,5wnuz6jj,0,Freya Luxe,Freya - Always-On FY23 - Display,Top 1% HHI & Moving Interest - Prospecting,,,,2,1350,,154.838712,USD,USD,Freya - 728x90,,Other,,30511,2728,7,6.5311,6.5311
2/17/2023,ehrx71i,3hp0k3f,4zb5pk7,oi9w4s5,160x600,ykdvjyx0,0,Freya Luxe,Freya - Always-On FY23 - Display,Website Visitors - Retargeting,,,,2,300,,77.419344,USD,USD,Freya - 160x600 - RT,,Other,,867,60,0,0.1697,0.1697
2/17/2023,ehrx71i,3hp0k3f,4zb5pk7,oi9w4s5,300x250,gfblg3ks,0,Freya Luxe,Freya - Always-On FY23 - Display,Website Visitors - Retargeting,,,,2,300,,77.419344,USD,USD,Freya - 300x250 - RT,,Other,,4180,259,1,0.7401,0.7401
2/17/2023,ehrx71i,3hp0k3f,4zb5pk7,oi9w4s5,320x50,psjbo2k4,0,Freya Luxe,Freya - Always-On FY23 - Display,Website Visitors - Retargeting,,,,2,300,,77.419344,USD,USD,Freya - 320x50 - RT,,Other,,3652,417,1,1.1917,1.1917
2/17/2023,ehrx71i,3hp0k3f,4zb5pk7,oi9w4s5,728x90,y823ln54,0,Freya Luxe,Freya - Always-On FY23 - Display,Website Visitors - Retargeting,,,,2,300,,77.419344,USD,USD,Freya - 728x90 - RT,,Other,,2081,322,2,1.3293,1.3293
2/18/2023,ehrx71i,3hp0k3f,4zb5pk7,85bemw0,160x600,oglf7648,0,Freya Luxe,Freya - Always-On FY23 - Display,F1000 C-Suite/Partners/Directors/VPs - Prospecting,,,,2,1350,,154.838712,USD,USD,Freya - 160x600,,Other,,10,1,0,0.0019,0.0019
2/18/2023,ehrx71i,3hp0k3f,4zb5pk7,85bemw0,300x250,zxaeajig,0,Freya Luxe,Freya - Always-On FY23 - Display,F1000 C-Suite/Partners/Directors/VPs - Prospecting,,,,2,1350,,154.838712,USD,USD,Freya - 300x250,,Other,,2736,101,0,0.2916,0.2916
2/18/2023,ehrx71i,3hp0k3f,4zb5pk7,85bemw0,320x50,e59go2j7,0,Freya Luxe,Freya - Always-On FY23 - Display,F1000 C-Suite/Partners/Directors/VPs - Prospecting,,,,2,1350,,154.838712,USD,USD,Freya - 320x50,,Other,,72940,14282,13,11.1803,11.1803
2/18/2023,ehrx71i,3hp0k3f,4zb5pk7,85bemw0,728x90,5wnuz6jj,0,Freya Luxe,Freya - Always-On FY23 - Display,F1000 C-Suite/Partners/Directors/VPs - Prospecting,,,,2,1350,,154.838712,USD,USD,Freya - 728x90,,Other,,9211,2342,5,2.8648,2.8648
2/18/2023,ehrx71i,3hp0k3f,4zb5pk7,m93k64r,160x600,oglf7648,0,Freya Luxe,Freya - Always-On FY23 - Display,Top 1% HHI & Moving Interest - Prospecting,,,,2,1350,,154.838712,USD,USD,Freya - 160x600,,Other,,1311,246,1,0.6604,0.6604
2/18/2023,ehrx71i,3hp0k3f,4zb5pk7,m93k64r,300x250,zxaeajig,0,Freya Luxe,Freya - Always-On FY23 - Display,Top 1% HHI & Moving Interest - Prospecting,,,,2,1350,,154.838712,USD,USD,Freya - 300x250,,Other,,13783,1013,3,2.9347,2.9347
2/18/2023,ehrx71i,3hp0k3f,4zb5pk7,m93k64r,320x50,e59go2j7,0,Freya Luxe,Freya - Always-On FY23 - Display,Top 1% HHI & Moving Interest - Prospecting,,,,2,1350,,154.838712,USD,USD,Freya - 320x50,,Other,,19821,3348,9,8.8611,8.8611
2/18/2023,ehrx71i,3hp0k3f,4zb5pk7,m93k64r,728x90,5wnuz6jj,0,Freya Luxe,Freya - Always-On FY23 - Display,Top 1% HHI & Moving Interest - Prospecting,,,,2,1350,,154.838712,USD,USD,Freya - 728x90,,Other,,50903,1847,4,4.1692,4.1692
2/18/2023,ehrx71i,3hp0k3f,4zb5pk7,oi9w4s5,160x600,ykdvjyx0,0,Freya Luxe,Freya - Always-On FY23 - Display,Website Visitors - Retargeting,,,,2,300,,77.419344,USD,USD,Freya - 160x600 - RT,,Other,,541,27,1,0.0764,0.0764
2/18/2023,ehrx71i,3hp0k3f,4zb5pk7,oi9w4s5,300x250,gfblg3ks,0,Freya Luxe,Freya - Always-On FY23 - Display,Website Visitors - Retargeting,,,,2,300,,77.419344,USD,USD,Freya - 300x250 - RT,,Other,,3503,189,4,0.541,0.541
2/18/2023,ehrx71i,3hp0k3f,4zb5pk7,oi9w4s5,320x50,psjbo2k4,0,Freya Luxe,Freya - Always-On FY23 - Display,Website Visitors - Retargeting,,,,2,300,,77.419344,USD,USD,Freya - 320x50 - RT,,Other,,3577,341,2,0.9641,0.9641
2/18/2023,ehrx71i,3hp0k3f,4zb5pk7,oi9w4s5,728x90,y823ln54,0,Freya Luxe,Freya - Always-On FY23 - Display,Website Visitors - Retargeting,,,,2,300,,77.419344,USD,USD,Freya - 728x90 - RT,,Other,,1422,308,1,1.2309,1.2309
2/19/2023,ehrx71i,3hp0k3f,4zb5pk7,85bemw0,160x600,oglf7648,0,Freya Luxe,Freya - Always-On FY23 - Display,F1000 C-Suite/Partners/Directors/VPs - Prospecting,,,,2,1350,,154.838712,USD,USD,Freya - 160x600,,Other,,9,1,0,0.0021,0.0021
2/19/2023,ehrx71i,3hp0k3f,4zb5pk7,85bemw0,300x250,zxaeajig,0,Freya Luxe,Freya - Always-On FY23 - Display,F1000 C-Suite/Partners/Directors/VPs - Prospecting,,,,2,1350,,154.838712,USD,USD,Freya - 300x250,,Other,,458,101,1,0.3264,0.3264
2/19/2023,ehrx71i,3hp0k3f,4zb5pk7,85bemw0,320x50,e59go2j7,0,Freya Luxe,Freya - Always-On FY23 - Display,F1000 C-Suite/Partners/Directors/VPs - Prospecting,,,,2,1350,,154.838712,USD,USD,Freya - 320x50,,Other,,48147,5011,48,12.5683,12.5683
2/19/2023,ehrx71i,3hp0k3f,4zb5pk7,85bemw0,728x90,5wnuz6jj,0,Freya Luxe,Freya - Always-On FY23 - Display,F1000 C-Suite/Partners/Directors/VPs - Prospecting,,,,2,1350,,154.838712,USD,USD,Freya - 728x90,,Other,,160415,2913,8,4.6446,4.6446
2/19/2023,ehrx71i,3hp0k3f,4zb5pk7,m93k64r,160x600,oglf7648,0,Freya Luxe,Freya - Always-On FY23 - Display,Top 1% HHI & Moving Interest - Prospecting,,,,2,1350,,154.838712,USD,USD,Freya - 160x600,,Other,,2023,167,0,0.417,0.417
2/19/2023,ehrx71i,3hp0k3f,4zb5pk7,m93k64r,300x250,zxaeajig,0,Freya Luxe,Freya - Always-On FY23 - Display,Top 1% HHI & Moving Interest - Prospecting,,,,2,1350,,154.838712,USD,USD,Freya - 300x250,,Other,,17376,604,1,1.514,1.514
2/19/2023,ehrx71i,3hp0k3f,4zb5pk7,m93k64r,320x50,e59go2j7,0,Freya Luxe,Freya - Always-On FY23 - Display,Top 1% HHI & Moving Interest - Prospecting,,,,2,1350,,154.838712,USD,USD,Freya - 320x50,,Other,,23123,3029,7,7.55,7.55
2/19/2023,ehrx71i,3hp0k3f,4zb5pk7,m93k64r,728x90,5wnuz6jj,0,Freya Luxe,Freya - Always-On FY23 - Display,Top 1% HHI & Moving Interest - Prospecting,,,,2,1350,,154.838712,USD,USD,Freya - 728x90,,Other,,25998,2005,4,5.0829,5.0829
2/19/2023,ehrx71i,3hp0k3f,4zb5pk7,oi9w4s5,160x600,ykdvjyx0,0,Freya Luxe,Freya - Always-On FY23 - Display,Website Visitors - Retargeting,,,,2,300,,77.419344,USD,USD,Freya - 160x600 - RT,,Other,,449,34,0,0.0973,0.0973
2/19/2023,ehrx71i,3hp0k3f,4zb5pk7,oi9w4s5,300x250,gfblg3ks,0,Freya Luxe,Freya - Always-On FY23 - Display,Website Visitors - Retargeting,,,,2,300,,77.419344,USD,USD,Freya - 300x250 - RT,,Other,,2833,148,2,0.4196,0.4196
2/19/2023,ehrx71i,3hp0k3f,4zb5pk7,oi9w4s5,320x50,psjbo2k4,0,Freya Luxe,Freya - Always-On FY23 - Display,Website Visitors - Retargeting,,,,2,300,,77.419344,USD,USD,Freya - 320x50 - RT,,Other,,4158,375,1,1.0733,1.0733
2/19/2023,ehrx71i,3hp0k3f,4zb5pk7,oi9w4s5,728x90,y823ln54,0,Freya Luxe,Freya - Always-On FY23 - Display,Website Visitors - Retargeting,,,,2,300,,77.419344,USD,USD,Freya - 728x90 - RT,,Other,,1281,257,2,1.0328,1.0328
2/20/2023,ehrx71i,3hp0k3f,4zb5pk7,85bemw0,160x600,oglf7648,0,Freya Luxe,Freya - Always-On FY23 - Display,F1000 C-Suite/Partners/Directors/VPs - Prospecting,,,,2,1350,,154.838712,USD,USD,Freya - 160x600,,Other,,58,3,0,0.0045,0.0045
2/20/2023,ehrx71i,3hp0k3f,4zb5pk7,85bemw0,300x250,zxaeajig,0,Freya Luxe,Freya - Always-On FY23 - Display,F1000 C-Suite/Partners/Directors/VPs - Prospecting,,,,2,1350,,154.838712,USD,USD,Freya - 300x250,,Other,,872,185,0,0.6192,0.6192
2/20/2023,ehrx71i,3hp0k3f,4zb5pk7,85bemw0,320x50,e59go2j7,0,Freya Luxe,Freya - Always-On FY23 - Display,F1000 C-Suite/Partners/Directors/VPs - Prospecting,,,,2,1350,,154.838712,USD,USD,Freya - 320x50,,Other,,12676,5816,18,16.2031,16.2031
2/20/2023,ehrx71i,3hp0k3f,4zb5pk7,85bemw0,728x90,5wnuz6jj,0,Freya Luxe,Freya - Always-On FY23 - Display,F1000 C-Suite/Partners/Directors/VPs - Prospecting,,,,2,1350,,154.838712,USD,USD,Freya - 728x90,,Other,,15707,2943,10,6.6452,6.6452
2/20/2023,ehrx71i,3hp0k3f,4zb5pk7,m93k64r,160x600,oglf7648,0,Freya Luxe,Freya - Always-On FY23 - Display,Top 1% HHI & Moving Interest - Prospecting,,,,2,1350,,154.838712,USD,USD,Freya - 160x600,,Other,,2898,93,0,0.1245,0.1245
2/20/2023,ehrx71i,3hp0k3f,4zb5pk7,m93k64r,300x250,zxaeajig,0,Freya Luxe,Freya - Always-On FY23 - Display,Top 1% HHI & Moving Interest - Prospecting,,,,2,1350,,154.838712,USD,USD,Freya - 300x250,,Other,,24358,298,0,0.3348,0.3348
2/20/2023,ehrx71i,3hp0k3f,4zb5pk7,m93k64r,320x50,e59go2j7,0,Freya Luxe,Freya - Always-On FY23 - Display,Top 1% HHI & Moving Interest - Prospecting,,,,2,1350,,154.838712,USD,USD,Freya - 320x50,,Other,,25148,1319,2,2.6538,2.6538
2/20/2023,ehrx71i,3hp0k3f,4zb5pk7,m93k64r,728x90,5wnuz6jj,0,Freya Luxe,Freya - Always-On FY23 - Display,Top 1% HHI & Moving Interest - Prospecting,,,,2,1350,,154.838712,USD,USD,Freya - 728x90,,Other,,14972,1769,8,4.9603,4.9603
2/20/2023,ehrx71i,3hp0k3f,4zb5pk7,oi9w4s5,160x600,ykdvjyx0,0,Freya Luxe,Freya - Always-On FY23 - Display,Website Visitors - Retargeting,,,,2,300,,77.419344,USD,USD,Freya - 160x600 - RT,,Other,,426,40,0,0.1149,0.1149
2/20/2023,ehrx71i,3hp0k3f,4zb5pk7,oi9w4s5,300x250,gfblg3ks,0,Freya Luxe,Freya - Always-On FY23 - Display,Website Visitors - Retargeting,,,,2,300,,77.419344,USD,USD,Freya - 300x250 - RT,,Other,,2216,170,0,0.4797,0.4797
2/20/2023,ehrx71i,3hp0k3f,4zb5pk7,oi9w4s5,320x50,psjbo2k4,0,Freya Luxe,Freya - Always-On FY23 - Display,Website Visitors - Retargeting,,,,2,300,,77.419344,USD,USD,Freya - 320x50 - RT,,Other,,2248,364,12,1.0223,1.0223
2/20/2023,ehrx71i,3hp0k3f,4zb5pk7,oi9w4s5,728x90,y823ln54,0,Freya Luxe,Freya - Always-On FY23 - Display,Website Visitors - Retargeting,,,,2,300,,77.419344,USD,USD,Freya - 728x90 - RT,,Other,,938,199,1,0.7828,0.7828
2/21/2023,ehrx71i,3hp0k3f,4zb5pk7,85bemw0,160x600,oglf7648,0,Freya Luxe,Freya - Always-On FY23 - Display,F1000 C-Suite/Partners/Directors/VPs - Prospecting,,,,2,1350,,154.838712,USD,USD,Freya - 160x600,,Other,,5,3,0,0.0076,0.0076
2/21/2023,ehrx71i,3hp0k3f,4zb5pk7,85bemw0,300x250,zxaeajig,0,Freya Luxe,Freya - Always-On FY23 - Display,F1000 C-Suite/Partners/Directors/VPs - Prospecting,,,,2,1350,,154.838712,USD,USD,Freya - 300x250,,Other,,7272,55,0,0.0949,0.0949
2/21/2023,ehrx71i,3hp0k3f,4zb5pk7,85bemw0,320x50,e59go2j7,0,Freya Luxe,Freya - Always-On FY23 - Display,F1000 C-Suite/Partners/Directors/VPs - Prospecting,,,,2,1350,,154.838712,USD,USD,Freya - 320x50,,Other,,34697,3175,7,3.749,3.749
2/21/2023,ehrx71i,3hp0k3f,4zb5pk7,85bemw0,728x90,5wnuz6jj,0,Freya Luxe,Freya - Always-On FY23 - Display,F1000 C-Suite/Partners/Directors/VPs - Prospecting,,,,2,1350,,154.838712,USD,USD,Freya - 728x90,,Other,,108123,8358,12,7.07,7.07
2/21/2023,ehrx71i,3hp0k3f,4zb5pk7,m93k64r,160x600,oglf7648,0,Freya Luxe,Freya - Always-On FY23 - Display,Top 1% HHI & Moving Interest - Prospecting,,,,2,1350,,154.838712,USD,USD,Freya - 160x600,,Other,,10164,438,0,0.7735,0.7735
2/21/2023,ehrx71i,3hp0k3f,4zb5pk7,m93k64r,300x250,zxaeajig,0,Freya Luxe,Freya - Always-On FY23 - Display,Top 1% HHI & Moving Interest - Prospecting,,,,2,1350,,154.838712,USD,USD,Freya - 300x250,,Other,,55408,1436,2,2.3495,2.3495
2/21/2023,ehrx71i,3hp0k3f,4zb5pk7,m93k64r,320x50,e59go2j7,0,Freya Luxe,Freya - Always-On FY23 - Display,Top 1% HHI & Moving Interest - Prospecting,,,,2,1350,,154.838712,USD,USD,Freya - 320x50,,Other,,60637,3206,0,5.9827,5.9827
2/21/2023,ehrx71i,3hp0k3f,4zb5pk7,m93k64r,728x90,5wnuz6jj,0,Freya Luxe,Freya - Always-On FY23 - Display,Top 1% HHI & Moving Interest - Prospecting,,,,2,1350,,154.838712,USD,USD,Freya - 728x90,,Other,,43091,3800,1,7.8595,7.8595
2/21/2023,ehrx71i,3hp0k3f,4zb5pk7,oi9w4s5,160x600,ykdvjyx0,0,Freya Luxe,Freya - Always-On FY23 - Display,Website Visitors - Retargeting,,,,2,300,,77.419344,USD,USD,Freya - 160x600 - RT,,Other,,1080,96,1,0.2763,0.2763
2/21/2023,ehrx71i,3hp0k3f,4zb5pk7,oi9w4s5,300x250,gfblg3ks,0,Freya Luxe,Freya - Always-On FY23 - Display,Website Visitors - Retargeting,,,,2,300,,77.419344,USD,USD,Freya - 300x250 - RT,,Other,,4455,316,0,0.9077,0.9077
2/21/2023,ehrx71i,3hp0k3f,4zb5pk7,oi9w4s5,320x50,psjbo2k4,0,Freya Luxe,Freya - Always-On FY23 - Display,Website Visitors - Retargeting,,,,2,300,,77.419344,USD,USD,Freya - 320x50 - RT,,Other,,3939,475,3,1.3667,1.3667
2/21/2023,ehrx71i,3hp0k3f,4zb5pk7,oi9w4s5,728x90,y823ln54,0,Freya Luxe,Freya - Always-On FY23 - Display,Website Visitors - Retargeting,,,,2,300,,77.419344,USD,USD,Freya - 728x90 - RT,,Other,,1994,301,1,1.1059,1.1059
2/22/2023,ehrx71i,3hp0k3f,4zb5pk7,85bemw0,160x600,oglf7648,0,Freya Luxe,Freya - Always-On FY23 - Display,F1000 C-Suite/Partners/Directors/VPs - Prospecting,,,,2,1350,,154.838712,USD,USD,Freya - 160x600,,Other,,43,10,0,0.0137,0.0137
2/22/2023,ehrx71i,3hp0k3f,4zb5pk7,85bemw0,300x250,zxaeajig,0,Freya Luxe,Freya - Always-On FY23 - Display,F1000 C-Suite/Partners/Directors/VPs - Prospecting,,,,2,1350,,154.838712,USD,USD,Freya - 300x250,,Other,,5051,176,1,0.4755,0.4755
2/22/2023,ehrx71i,3hp0k3f,4zb5pk7,85bemw0,320x50,e59go2j7,0,Freya Luxe,Freya - Always-On FY23 - Display,F1000 C-Suite/Partners/Directors/VPs - Prospecting,,,,2,1350,,154.838712,USD,USD,Freya - 320x50,,Other,,30712,3769,6,6.8693,6.8693
2/22/2023,ehrx71i,3hp0k3f,4zb5pk7,85bemw0,728x90,5wnuz6jj,0,Freya Luxe,Freya - Always-On FY23 - Display,F1000 C-Suite/Partners/Directors/VPs - Prospecting,,,,2,1350,,154.838712,USD,USD,Freya - 728x90,,Other,,81494,6814,20,6.705,6.705
2/22/2023,ehrx71i,3hp0k3f,4zb5pk7,m93k64r,160x600,oglf7648,0,Freya Luxe,Freya - Always-On FY23 - Display,Top 1% HHI & Moving Interest - Prospecting,,,,2,1350,,154.838712,USD,USD,Freya - 160x600,,Other,,11090,448,1,0.8001,0.8001
2/22/2023,ehrx71i,3hp0k3f,4zb5pk7,m93k64r,300x250,zxaeajig,0,Freya Luxe,Freya - Always-On FY23 - Display,Top 1% HHI & Moving Interest - Prospecting,,,,2,1350,,154.838712,USD,USD,Freya - 300x250,,Other,,60823,1795,0,3.4838,3.4838
2/22/2023,ehrx71i,3hp0k3f,4zb5pk7,m93k64r,320x50,e59go2j7,0,Freya Luxe,Freya - Always-On FY23 - Display,Top 1% HHI & Moving Interest - Prospecting,,,,2,1350,,154.838712,USD,USD,Freya - 320x50,,Other,,87360,3783,4,6.9259,6.9259
2/22/2023,ehrx71i,3hp0k3f,4zb5pk7,m93k64r,728x90,5wnuz6jj,0,Freya Luxe,Freya - Always-On FY23 - Display,Top 1% HHI & Moving Interest - Prospecting,,,,2,1350,,154.838712,USD,USD,Freya - 728x90,,Other,,49191,3055,2,3.8247,3.8247
2/22/2023,ehrx71i,3hp0k3f,4zb5pk7,oi9w4s5,160x600,ykdvjyx0,0,Freya Luxe,Freya - Always-On FY23 - Display,Website Visitors - Retargeting,,,,2,300,,77.419344,USD,USD,Freya - 160x600 - RT,,Other,,1183,75,0,0.2403,0.2403
2/22/2023,ehrx71i,3hp0k3f,4zb5pk7,oi9w4s5,300x250,gfblg3ks,0,Freya Luxe,Freya - Always-On FY23 - Display,Website Visitors - Retargeting,,,,2,300,,77.419344,USD,USD,Freya - 300x250 - RT,,Other,,4079,262,1,0.7899,0.7899
2/22/2023,ehrx71i,3hp0k3f,4zb5pk7,oi9w4s5,320x50,psjbo2k4,0,Freya Luxe,Freya - Always-On FY23 - Display,Website Visitors - Retargeting,,,,2,300,,77.419344,USD,USD,Freya - 320x50 - RT,,Other,,4043,447,3,1.2563,1.2563
2/22/2023,ehrx71i,3hp0k3f,4zb5pk7,oi9w4s5,728x90,y823ln54,0,Freya Luxe,Freya - Always-On FY23 - Display,Website Visitors - Retargeting,,,,2,300,,77.419344,USD,USD,Freya - 728x90 - RT,,Other,,2284,306,1,1.0147,1.0147
2/23/2023,ehrx71i,3hp0k3f,4zb5pk7,85bemw0,160x600,oglf7648,0,Freya Luxe,Freya - Always-On FY23 - Display,F1000 C-Suite/Partners/Directors/VPs - Prospecting,,,,2,1350,,154.838712,USD,USD,Freya - 160x600,,Other,,3,1,0,0.0015,0.0015
2/23/2023,ehrx71i,3hp0k3f,4zb5pk7,85bemw0,300x250,zxaeajig,0,Freya Luxe,Freya - Always-On FY23 - Display,F1000 C-Suite/Partners/Directors/VPs - Prospecting,,,,2,1350,,154.838712,USD,USD,Freya - 300x250,,Other,,64,17,0,0.055,0.055
2/23/2023,ehrx71i,3hp0k3f,4zb5pk7,85bemw0,320x50,e59go2j7,0,Freya Luxe,Freya - Always-On FY23 - Display,F1000 C-Suite/Partners/Directors/VPs - Prospecting,,,,2,1350,,154.838712,USD,USD,Freya - 320x50,=,Other,,0,1,0,0.0003,0.0003
2/23/2023,ehrx71i,3hp0k3f,4zb5pk7,85bemw0,320x50,e59go2j7,0,Freya Luxe,Freya - Always-On FY23 - Display,F1000 C-Suite/Partners/Directors/VPs - Prospecting,,,,2,1350,,154.838712,USD,USD,Freya - 320x50,,Other,,217863,15961,11,8.547,8.547
2/23/2023,ehrx71i,3hp0k3f,4zb5pk7,85bemw0,728x90,5wnuz6jj,0,Freya Luxe,Freya - Always-On FY23 - Display,F1000 C-Suite/Partners/Directors/VPs - Prospecting,,,,2,1350,,154.838712,USD,USD,Freya - 728x90,,Other,,6063,902,0,0.9658,0.9658
2/23/2023,ehrx71i,3hp0k3f,4zb5pk7,m93k64r,160x600,oglf7648,0,Freya Luxe,Freya - Always-On FY23 - Display,Top 1% HHI & Moving Interest - Prospecting,,,,2,1350,,154.838712,USD,USD,Freya - 160x600,,Other,,8734,456,1,0.9363,0.9363
2/23/2023,ehrx71i,3hp0k3f,4zb5pk7,m93k64r,300x250,zxaeajig,0,Freya Luxe,Freya - Always-On FY23 - Display,Top 1% HHI & Moving Interest - Prospecting,,,,2,1350,,154.838712,USD,USD,Freya - 300x250,,Other,,45622,1920,0,4.2505,4.2505
2/23/2023,ehrx71i,3hp0k3f,4zb5pk7,m93k64r,320x50,e59go2j7,0,Freya Luxe,Freya - Always-On FY23 - Display,Top 1% HHI & Moving Interest - Prospecting,,,,2,1350,,154.838712,USD,USD,Freya - 320x50,,Other,,72963,3668,1,7.0156,7.0156
2/23/2023,ehrx71i,3hp0k3f,4zb5pk7,m93k64r,728x90,5wnuz6jj,0,Freya Luxe,Freya - Always-On FY23 - Display,Top 1% HHI & Moving Interest - Prospecting,,,,2,1350,,154.838712,USD,USD,Freya - 728x90,,Other,,40107,2772,1,4.0225,4.0225
2/23/2023,ehrx71i,3hp0k3f,4zb5pk7,oi9w4s5,160x600,ykdvjyx0,0,Freya Luxe,Freya - Always-On FY23 - Display,Website Visitors - Retargeting,,,,2,300,,77.419344,USD,USD,Freya - 160x600 - RT,,Other,,691,74,1,0.2236,0.2236
2/23/2023,ehrx71i,3hp0k3f,4zb5pk7,oi9w4s5,300x250,gfblg3ks,0,Freya Luxe,Freya - Always-On FY23 - Display,Website Visitors - Retargeting,,,,2,300,,77.419344,USD,USD,Freya - 300x250 - RT,,Other,,4135,279,1,0.848,0.848
2/23/2023,ehrx71i,3hp0k3f,4zb5pk7,oi9w4s5,320x50,psjbo2k4,0,Freya Luxe,Freya - Always-On FY23 - Display,Website Visitors - Retargeting,,,,2,300,,77.419344,USD,USD,Freya - 320x50 - RT,,Other,,3956,431,4,1.227,1.227
2/23/2023,ehrx71i,3hp0k3f,4zb5pk7,oi9w4s5,728x90,y823ln54,0,Freya Luxe,Freya - Always-On FY23 - Display,Website Visitors - Retargeting,,,,2,300,,77.419344,USD,USD,Freya - 728x90 - RT,,Other,,2013,265,2,0.8446,0.8446
2/24/2023,ehrx71i,3hp0k3f,4zb5pk7,85bemw0,300x250,zxaeajig,0,Freya Luxe,Freya - Always-On FY23 - Display,F1000 C-Suite/Partners/Directors/VPs - Prospecting,,,,2,1350,,154.838712,USD,USD,Freya - 300x250,,Other,,46,18,0,0.0556,0.0556
2/24/2023,ehrx71i,3hp0k3f,4zb5pk7,85bemw0,320x50,e59go2j7,0,Freya Luxe,Freya - Always-On FY23 - Display,F1000 C-Suite/Partners/Directors/VPs - Prospecting,,,,2,1350,,154.838712,USD,USD,Freya - 320x50,,Other,,227563,15136,9,8.123,8.123
2/24/2023,ehrx71i,3hp0k3f,4zb5pk7,85bemw0,728x90,5wnuz6jj,0,Freya Luxe,Freya - Always-On FY23 - Display,F1000 C-Suite/Partners/Directors/VPs - Prospecting,,,,2,1350,,154.838712,USD,USD,Freya - 728x90,,Other,,7049,1014,1,1.0106,1.0106
2/24/2023,ehrx71i,3hp0k3f,4zb5pk7,m93k64r,160x600,oglf7648,0,Freya Luxe,Freya - Always-On FY23 - Display,Top 1% HHI & Moving Interest - Prospecting,,,,2,1350,,154.838712,USD,USD,Freya - 160x600,,Other,,7233,491,0,0.9946,0.9946
2/24/2023,ehrx71i,3hp0k3f,4zb5pk7,m93k64r,300x250,zxaeajig,0,Freya Luxe,Freya - Always-On FY23 - Display,Top 1% HHI & Moving Interest - Prospecting,,,,2,1350,,154.838712,USD,USD,Freya - 300x250,,Other,,25641,1476,0,3.6318,3.6318
2/24/2023,ehrx71i,3hp0k3f,4zb5pk7,m93k64r,320x50,e59go2j7,0,Freya Luxe,Freya - Always-On FY23 - Display,Top 1% HHI & Moving Interest - Prospecting,,,,2,1350,,154.838712,USD,USD,Freya - 320x50,,Other,,40842,2967,2,6.8408,6.8408
2/24/2023,ehrx71i,3hp0k3f,4zb5pk7,m93k64r,728x90,5wnuz6jj,0,Freya Luxe,Freya - Always-On FY23 - Display,Top 1% HHI & Moving Interest - Prospecting,,,,2,1350,,154.838712,USD,USD,Freya - 728x90,,Other,,23292,2158,2,4.1085,4.1085
2/24/2023,ehrx71i,3hp0k3f,4zb5pk7,oi9w4s5,160x600,ykdvjyx0,0,Freya Luxe,Freya - Always-On FY23 - Display,Website Visitors - Retargeting,,,,2,300,,77.419344,USD,USD,Freya - 160x600 - RT,,Other,,556,62,1,0.1839,0.1839
2/24/2023,ehrx71i,3hp0k3f,4zb5pk7,oi9w4s5,300x250,gfblg3ks,0,Freya Luxe,Freya - Always-On FY23 - Display,Website Visitors - Retargeting,,,,2,300,,77.419344,USD,USD,Freya - 300x250 - RT,,Other,,3655,255,1,0.8606,0.8606
2/24/2023,ehrx71i,3hp0k3f,4zb5pk7,oi9w4s5,320x50,psjbo2k4,0,Freya Luxe,Freya - Always-On FY23 - Display,Website Visitors - Retargeting,,,,2,300,,77.419344,USD,USD,Freya - 320x50 - RT,,Other,,3715,416,5,1.3103,1.3103
2/24/2023,ehrx71i,3hp0k3f,4zb5pk7,oi9w4s5,728x90,y823ln54,0,Freya Luxe,Freya - Always-On FY23 - Display,Website Visitors - Retargeting,,,,2,300,,77.419344,USD,USD,Freya - 728x90 - RT,,Other,,1443,247,4,0.8229,0.8229
2/25/2023,ehrx71i,3hp0k3f,4zb5pk7,85bemw0,300x250,zxaeajig,0,Freya Luxe,Freya - Always-On FY23 - Display,F1000 C-Suite/Partners/Directors/VPs - Prospecting,,,,2,1350,,154.838712,USD,USD,Freya - 300x250,,Other,,29,3,0,0.0074,0.0074
2/25/2023,ehrx71i,3hp0k3f,4zb5pk7,85bemw0,320x50,e59go2j7,0,Freya Luxe,Freya - Always-On FY23 - Display,F1000 C-Suite/Partners/Directors/VPs - Prospecting,,,,2,1350,,154.838712,USD,USD,Freya - 320x50,,Other,,74832,8868,9,5.6772,5.6772
2/25/2023,ehrx71i,3hp0k3f,4zb5pk7,85bemw0,728x90,5wnuz6jj,0,Freya Luxe,Freya - Always-On FY23 - Display,F1000 C-Suite/Partners/Directors/VPs - Prospecting,,,,2,1350,,154.838712,USD,USD,Freya - 728x90,6id=,Other,,0,1,0,0.0003,0.0003
2/25/2023,ehrx71i,3hp0k3f,4zb5pk7,85bemw0,728x90,5wnuz6jj,0,Freya Luxe,Freya - Always-On FY23 - Display,F1000 C-Suite/Partners/Directors/VPs - Prospecting,,,,2,1350,,154.838712,USD,USD,Freya - 728x90,,Other,,16691,5150,8,3.0636,3.0636
2/25/2023,ehrx71i,3hp0k3f,4zb5pk7,m93k64r,160x600,oglf7648,0,Freya Luxe,Freya - Always-On FY23 - Display,Top 1% HHI & Moving Interest - Prospecting,,,,2,1350,,154.838712,USD,USD,Freya - 160x600,,Other,,30034,420,2,0.5952,0.5952
2/25/2023,ehrx71i,3hp0k3f,4zb5pk7,m93k64r,300x250,zxaeajig,0,Freya Luxe,Freya - Always-On FY23 - Display,Top 1% HHI & Moving Interest - Prospecting,,,,2,1350,,154.838712,USD,USD,Freya - 300x250,,Other,,6529,845,0,2.4038,2.4038
2/25/2023,ehrx71i,3hp0k3f,4zb5pk7,m93k64r,320x50,e59go2j7,0,Freya Luxe,Freya - Always-On FY23 - Display,Top 1% HHI & Moving Interest - Prospecting,,,,2,1350,,154.838712,USD,USD,Freya - 320x50,,Other,,12167,2733,5,7.9313,7.9313
2/25/2023,ehrx71i,3hp0k3f,4zb5pk7,m93k64r,728x90,5wnuz6jj,0,Freya Luxe,Freya - Always-On FY23 - Display,Top 1% HHI & Moving Interest - Prospecting,,,,2,1350,,154.838712,USD,USD,Freya - 728x90,,Other,,24399,1457,1,3.8727,3.8727
2/25/2023,ehrx71i,3hp0k3f,4zb5pk7,oi9w4s5,160x600,ykdvjyx0,0,Freya Luxe,Freya - Always-On FY23 - Display,Website Visitors - Retargeting,,,,2,300,,77.419344,USD,USD,Freya - 160x600 - RT,,Other,,494,36,1,0.1507,0.1507
2/25/2023,ehrx71i,3hp0k3f,4zb5pk7,oi9w4s5,300x250,gfblg3ks,0,Freya Luxe,Freya - Always-On FY23 - Display,Website Visitors - Retargeting,,,,2,300,,77.419344,USD,USD,Freya - 300x250 - RT,,Other,,3054,213,0,0.845,0.845
2/25/2023,ehrx71i,3hp0k3f,4zb5pk7,oi9w4s5,320x50,psjbo2k4,0,Freya Luxe,Freya - Always-On FY23 - Display,Website Visitors - Retargeting,,,,2,300,,77.419344,USD,USD,Freya - 320x50 - RT,,Other,,3224,486,2,1.9498,1.9498
2/25/2023,ehrx71i,3hp0k3f,4zb5pk7,oi9w4s5,728x90,y823ln54,0,Freya Luxe,Freya - Always-On FY23 - Display,Website Visitors - Retargeting,,,,2,300,,77.419344,USD,USD,Freya - 728x90 - RT,,Other,,1194,178,0,0.7719,0.7719
2/26/2023,ehrx71i,3hp0k3f,4zb5pk7,85bemw0,160x600,oglf7648,0,Freya Luxe,Freya - Always-On FY23 - Display,F1000 C-Suite/Partners/Directors/VPs - Prospecting,,,,2,1350,,154.838712,USD,USD,Freya - 160x600,,Other,,64,11,0,0.0076,0.0076
2/26/2023,ehrx71i,3hp0k3f,4zb5pk7,85bemw0,300x250,zxaeajig,0,Freya Luxe,Freya - Always-On FY23 - Display,F1000 C-Suite/Partners/Directors/VPs - Prospecting,,,,2,1350,,154.838712,USD,USD,Freya - 300x250,,Other,,1643,85,1,0.2041,0.2041
2/26/2023,ehrx71i,3hp0k3f,4zb5pk7,85bemw0,320x50,e59go2j7,0,Freya Luxe,Freya - Always-On FY23 - Display,F1000 C-Suite/Partners/Directors/VPs - Prospecting,,,,2,1350,,154.838712,USD,USD,Freya - 320x50,,Other,,56753,8217,10,7.6811,7.6811
2/26/2023,ehrx71i,3hp0k3f,4zb5pk7,85bemw0,728x90,5wnuz6jj,0,Freya Luxe,Freya - Always-On FY23 - Display,F1000 C-Suite/Partners/Directors/VPs - Prospecting,,,,2,1350,,154.838712,USD,USD,Freya - 728x90,,Other,,15218,4132,7,3.1711,3.1711
2/26/2023,ehrx71i,3hp0k3f,4zb5pk7,m93k64r,160x600,oglf7648,0,Freya Luxe,Freya - Always-On FY23 - Display,Top 1% HHI & Moving Interest - Prospecting,,,,2,1350,,154.838712,USD,USD,Freya - 160x600,,Other,,25278,946,3,1.6072,1.6072
2/26/2023,ehrx71i,3hp0k3f,4zb5pk7,m93k64r,300x250,zxaeajig,0,Freya Luxe,Freya - Always-On FY23 - Display,Top 1% HHI & Moving Interest - Prospecting,,,,2,1350,,154.838712,USD,USD,Freya - 300x250,,Other,,93096,1097,0,1.8022,1.8022
2/26/2023,ehrx71i,3hp0k3f,4zb5pk7,m93k64r,320x50,e59go2j7,0,Freya Luxe,Freya - Always-On FY23 - Display,Top 1% HHI & Moving Interest - Prospecting,,,,2,1350,,154.838712,USD,USD,Freya - 320x50,,Other,,131906,3383,6,5.6444,5.6444
2/26/2023,ehrx71i,3hp0k3f,4zb5pk7,m93k64r,728x90,5wnuz6jj,0,Freya Luxe,Freya - Always-On FY23 - Display,Top 1% HHI & Moving Interest - Prospecting,,,,2,1350,,154.838712,USD,USD,Freya - 728x90,,Other,,80091,2752,5,4.7594,4.7594
2/26/2023,ehrx71i,3hp0k3f,4zb5pk7,oi9w4s5,160x600,ykdvjyx0,0,Freya Luxe,Freya - Always-On FY23 - Display,Website Visitors - Retargeting,,,,2,300,,77.419344,USD,USD,Freya - 160x600 - RT,,Other,,603,27,0,0.1032,0.1032
2/26/2023,ehrx71i,3hp0k3f,4zb5pk7,oi9w4s5,300x250,gfblg3ks,0,Freya Luxe,Freya - Always-On FY23 - Display,Website Visitors - Retargeting,,,,2,300,,77.419344,USD,USD,Freya - 300x250 - RT,,Other,,2562,196,3,0.8285,0.8285
2/26/2023,ehrx71i,3hp0k3f,4zb5pk7,oi9w4s5,320x50,psjbo2k4,0,Freya Luxe,Freya - Always-On FY23 - Display,Website Visitors - Retargeting,,,,2,300,,77.419344,USD,USD,Freya - 320x50 - RT,,Other,,3003,456,4,1.747,1.747
2/26/2023,ehrx71i,3hp0k3f,4zb5pk7,oi9w4s5,728x90,y823ln54,0,Freya Luxe,Freya - Always-On FY23 - Display,Website Visitors - Retargeting,,,,2,300,,77.419344,USD,USD,Freya - 728x90 - RT,,Other,,1059,206,0,0.866,0.866
2/27/2023,ehrx71i,3hp0k3f,4zb5pk7,85bemw0,160x600,oglf7648,0,Freya Luxe,Freya - Always-On FY23 - Display,F1000 C-Suite/Partners/Directors/VPs - Prospecting,,,,2,1350,,154.838712,USD,USD,Freya - 160x600,,Other,,343,49,0,0.0453,0.0453
2/27/2023,ehrx71i,3hp0k3f,4zb5pk7,85bemw0,300x250,zxaeajig,0,Freya Luxe,Freya - Always-On FY23 - Display,F1000 C-Suite/Partners/Directors/VPs - Prospecting,,,,2,1350,,154.838712,USD,USD,Freya - 300x250,,Other,,4403,234,0,0.5484,0.5484
2/27/2023,ehrx71i,3hp0k3f,4zb5pk7,85bemw0,320x50,e59go2j7,0,Freya Luxe,Freya - Always-On FY23 - Display,F1000 C-Suite/Partners/Directors/VPs - Prospecting,,,,2,1350,,154.838712,USD,USD,Freya - 320x50,,Other,,35837,5726,9,8.2673,8.2673
2/27/2023,ehrx71i,3hp0k3f,4zb5pk7,85bemw0,728x90,5wnuz6jj,0,Freya Luxe,Freya - Always-On FY23 - Display,F1000 C-Suite/Partners/Directors/VPs - Prospecting,,,,2,1350,,154.838712,USD,USD,Freya - 728x90,,Other,,6151,1284,1,1.7092,1.7092
2/27/2023,ehrx71i,3hp0k3f,4zb5pk7,m93k64r,160x600,oglf7648,0,Freya Luxe,Freya - Always-On FY23 - Display,Top 1% HHI & Moving Interest - Prospecting,,,,2,1350,,154.838712,USD,USD,Freya - 160x600,,Other,,38758,1140,1,1.7725,1.7725
2/27/2023,ehrx71i,3hp0k3f,4zb5pk7,m93k64r,300x250,zxaeajig,0,Freya Luxe,Freya - Always-On FY23 - Display,Top 1% HHI & Moving Interest - Prospecting,,,,2,1350,,154.838712,USD,USD,Freya - 300x250,,Other,,174442,1392,1,1.0834,1.0834
2/27/2023,ehrx71i,3hp0k3f,4zb5pk7,m93k64r,320x50,e59go2j7,0,Freya Luxe,Freya - Always-On FY23 - Display,Top 1% HHI & Moving Interest - Prospecting,,,,2,1350,,154.838712,USD,USD,Freya - 320x50,,Other,,157688,2906,3,3.4144,3.4144
2/27/2023,ehrx71i,3hp0k3f,4zb5pk7,m93k64r,728x90,5wnuz6jj,0,Freya Luxe,Freya - Always-On FY23 - Display,Top 1% HHI & Moving Interest - Prospecting,,,,2,1350,,154.838712,USD,USD,Freya - 728x90,,Other,,121845,3779,5,6.1566,6.1566
2/27/2023,ehrx71i,3hp0k3f,4zb5pk7,oi9w4s5,160x600,ykdvjyx0,0,Freya Luxe,Freya - Always-On FY23 - Display,Website Visitors - Retargeting,,,,2,300,,77.419344,USD,USD,Freya - 160x600 - RT,,Other,,869,59,1,0.2284,0.2284
2/27/2023,ehrx71i,3hp0k3f,4zb5pk7,oi9w4s5,300x250,gfblg3ks,0,Freya Luxe,Freya - Always-On FY23 - Display,Website Visitors - Retargeting,,,,2,300,,77.419344,USD,USD,Freya - 300x250 - RT,,Other,,3738,269,3,1.0067,1.0067
2/27/2023,ehrx71i,3hp0k3f,4zb5pk7,oi9w4s5,320x50,psjbo2k4,0,Freya Luxe,Freya - Always-On FY23 - Display,Website Visitors - Retargeting,,,,2,300,,77.419344,USD,USD,Freya - 320x50 - RT,,Other,,2677,379,1,1.4425,1.4425
2/27/2023,ehrx71i,3hp0k3f,4zb5pk7,oi9w4s5,728x90,y823ln54,0,Freya Luxe,Freya - Always-On FY23 - Display,Website Visitors - Retargeting,,,,2,300,,77.419344,USD,USD,Freya - 728x90 - RT,,Other,,1148,188,2,0.7702,0.7702
2/28/2023,ehrx71i,3hp0k3f,4zb5pk7,m93k64r,160x600,oglf7648,0,Freya Luxe,Freya - Always-On FY23 - Display,Top 1% HHI & Moving Interest - Prospecting,,,,2,1350,,154.838712,USD,USD,Freya - 160x600,,Other,,17549,144,0,0.2062,0.2062
2/28/2023,ehrx71i,3hp0k3f,4zb5pk7,m93k64r,300x250,zxaeajig,0,Freya Luxe,Freya - Always-On FY23 - Display,Top 1% HHI & Moving Interest - Prospecting,,,,2,1350,,154.838712,USD,USD,Freya - 300x250,,Other,,15876,133,0,0.1097,0.1097
2/28/2023,ehrx71i,3hp0k3f,4zb5pk7,m93k64r,320x50,e59go2j7,0,Freya Luxe,Freya - Always-On FY23 - Display,Top 1% HHI & Moving Interest - Prospecting,,,,2,1350,,154.838712,USD,USD,Freya - 320x50,,Other,,145453,2757,2,2.9026,2.9026
2/28/2023,ehrx71i,3hp0k3f,4zb5pk7,m93k64r,728x90,5wnuz6jj,0,Freya Luxe,Freya - Always-On FY23 - Display,Top 1% HHI & Moving Interest - Prospecting,,,,2,1350,,154.838712,USD,USD,Freya - 728x90,,Other,,42205,2396,8,5.0573,5.0573
2/28/2023,ehrx71i,3hp0k3f,4zb5pk7,oi9w4s5,160x600,ykdvjyx0,0,Freya Luxe,Freya - Always-On FY23 - Display,Website Visitors - Retargeting,,,,2,300,,77.419344,USD,USD,Freya - 160x600 - RT,,Other,,798,61,1,0.248,0.248
2/28/2023,ehrx71i,3hp0k3f,4zb5pk7,oi9w4s5,300x250,gfblg3ks,0,Freya Luxe,Freya - Always-On FY23 - Display,Website Visitors - Retargeting,,,,2,300,,77.419344,USD,USD,Freya - 300x250 - RT,,Other,,3724,350,2,1.3211,1.3211
2/28/2023,ehrx71i,3hp0k3f,4zb5pk7,oi9w4s5,320x50,psjbo2k4,0,Freya Luxe,Freya - Always-On FY23 - Display,Website Visitors - Retargeting,,,,2,300,,77.419344,USD,USD,Freya - 320x50 - RT,,Other,,3242,491,6,1.81,1.81
2/28/2023,ehrx71i,3hp0k3f,4zb5pk7,oi9w4s5,728x90,y823ln54,0,Freya Luxe,Freya - Always-On FY23 - Display,Website Visitors - Retargeting,,,,2,300,,77.419344,USD,USD,Freya - 728x90 - RT,,Other,,1342,221,0,0.8766,0.8766
3/1/2023,ehrx71i,3hp0k3f,4zb5pk7,85bemw0,160x600,oglf7648,0,Freya Luxe,Freya - Always-On FY23 - Display,F1000 C-Suite/Partners/Directors/VPs - Prospecting,,,,2,1350,,154.838712,USD,USD,Freya - 160x600,,Other,,1413,103,0,0.0476,0.0476
3/1/2023,ehrx71i,3hp0k3f,4zb5pk7,85bemw0,300x250,zxaeajig,0,Freya Luxe,Freya - Always-On FY23 - Display,F1000 C-Suite/Partners/Directors/VPs - Prospecting,,,,2,1350,,154.838712,USD,USD,Freya - 300x250,,Other,,59916,417,1,0.4711,0.4711
3/1/2023,ehrx71i,3hp0k3f,4zb5pk7,85bemw0,320x50,e59go2j7,0,Freya Luxe,Freya - Always-On FY23 - Display,F1000 C-Suite/Partners/Directors/VPs - Prospecting,,,,2,1350,,154.838712,USD,USD,Freya - 320x50,,Other,,275659,11154,10,13.7342,13.7342
3/1/2023,ehrx71i,3hp0k3f,4zb5pk7,85bemw0,728x90,5wnuz6jj,0,Freya Luxe,Freya - Always-On FY23 - Display,F1000 C-Suite/Partners/Directors/VPs - Prospecting,,,,2,1350,,154.838712,USD,USD,Freya - 728x90,,Other,,31177,1889,3,3.1405,3.1405
3/1/2023,ehrx71i,3hp0k3f,4zb5pk7,m93k64r,160x600,oglf7648,0,Freya Luxe,Freya - Always-On FY23 - Display,Top 1% HHI & Moving Interest - Prospecting,,,,2,1350,,154.838712,USD,USD,Freya - 160x600,,Other,,5169,414,0,0.6181,0.6181
3/1/2023,ehrx71i,3hp0k3f,4zb5pk7,m93k64r,300x250,zxaeajig,0,Freya Luxe,Freya - Always-On FY23 - Display,Top 1% HHI & Moving Interest - Prospecting,,,,2,1350,,154.838712,USD,USD,Freya - 300x250,,Other,,10372,403,0,0.5491,0.5491
3/1/2023,ehrx71i,3hp0k3f,4zb5pk7,m93k64r,320x50,e59go2j7,0,Freya Luxe,Freya - Always-On FY23 - Display,Top 1% HHI & Moving Interest - Prospecting,,,,2,1350,,154.838712,USD,USD,Freya - 320x50,,Other,,88888,4956,3,10.2098,10.2098
3/1/2023,ehrx71i,3hp0k3f,4zb5pk7,m93k64r,728x90,5wnuz6jj,0,Freya Luxe,Freya - Always-On FY23 - Display,Top 1% HHI & Moving Interest - Prospecting,,,,2,1350,,154.838712,USD,USD,Freya - 728x90,,Other,,27288,2966,9,6.0315,6.0315
3/1/2023,ehrx71i,3hp0k3f,4zb5pk7,oi9w4s5,160x600,ykdvjyx0,0,Freya Luxe,Freya - Always-On FY23 - Display,Website Visitors - Retargeting,,,,2,300,,77.419344,USD,USD,Freya - 160x600 - RT,,Other,,527,42,0,0.1881,0.1881
3/1/2023,ehrx71i,3hp0k3f,4zb5pk7,oi9w4s5,300x250,gfblg3ks,0,Freya Luxe,Freya - Always-On FY23 - Display,Website Visitors - Retargeting,,,,2,300,,77.419344,USD,USD,Freya - 300x250 - RT,,Other,,3817,270,1,1.0518,1.0518
3/1/2023,ehrx71i,3hp0k3f,4zb5pk7,oi9w4s5,320x50,psjbo2k4,0,Freya Luxe,Freya - Always-On FY23 - Display,Website Visitors - Retargeting,,,,2,300,,77.419344,USD,USD,Freya - 320x50 - RT,,Other,,3067,507,2,1.8325,1.8325
3/1/2023,ehrx71i,3hp0k3f,4zb5pk7,oi9w4s5,728x90,y823ln54,0,Freya Luxe,Freya - Always-On FY23 - Display,Website Visitors - Retargeting,,,,2,300,,77.419344,USD,USD,Freya - 728x90 - RT,,Other,,1195,220,2,0.7992,0.7992
